{
  "properties": {
    "connectionReferences": {},
    "definition": {
      "$schema": "https://schema.management.azure.com/providers/Microsoft.Logic/schemas/2016-06-01/workflowdefinition.json#",
      "contentVersion": "1.0.0.0",
      "parameters": {
        "$authentication": {
          "defaultValue": {},
          "type": "SecureObject"
        },
        "$connections": {
          "defaultValue": {},
          "type": "Object"
        },
        "Authority (dev_Authority)": {
          "defaultValue": "https://login.microsoftonline.com",
          "type": "String",
          "metadata": {
            "schemaName": "dev_Authority",
            "description": "Active Directory OAuth Authority"
          }
        },
        "Tenant (dev_Tenant)": {
          "defaultValue": "153a6ebe-ff62-4bce-b1bc-a1eda3bc6645",
          "type": "String",
          "metadata": {
            "schemaName": "dev_Tenant",
            "description": "Your Tenant ID"
          }
        },
        "Audience (dev_Audience)": {
          "defaultValue": "https://graph.microsoft.com",
          "type": "String",
          "metadata": {
            "schemaName": "dev_Audience",
            "description": "The Audience scope for you application"
          }
        },
        "Client ID (dev_ClientID)": {
          "defaultValue": "fb7cf520-cb33-45bf-a238-ae51d316665f",
          "type": "String",
          "metadata": {
            "schemaName": "dev_ClientID",
            "description": "The Client ID that was created during the App Registration process."
          }
        },
        "Secret (dev_Secret)": {
          "defaultValue": "44~8Q~VVii-qFkigLLgj4K-LpEsPQUfO9JHNAcBL",
          "type": "String",
          "metadata": {
            "schemaName": "dev_Secret",
            "description": "The secret that was created during the App Registration process"
          }
        }
      },
      "triggers": {
        "manual": {
          "metadata": {
            "operationMetadataId": "074b351d-11ca-40ba-84e9-4d7a1f0cf807"
          },
          "type": "Request",
          "kind": "PowerAppV2",
          "inputs": {
            "schema": {
              "type": "object",
              "properties": {
                "text": {
                  "title": "ContainerID",
                  "type": "string",
                  "x-ms-dynamically-added": true,
                  "description": "Please enter your input",
                  "x-ms-content-hint": "TEXT"
                },
                "text_1": {
                  "title": "FolderID",
                  "type": "string",
                  "x-ms-dynamically-added": true,
                  "description": "Please enter your input",
                  "x-ms-content-hint": "TEXT"
                },
                "text_2": {
                  "title": "FolderName",
                  "type": "string",
                  "x-ms-dynamically-added": true,
                  "description": "Please enter your input",
                  "x-ms-content-hint": "TEXT"
                }
              },
              "required": [
                "text",
                "text_1",
                "text_2"
              ]
            }
          }
        }
      },
      "actions": {
        "HTTP": {
          "runAfter": {},
          "metadata": {
            "operationMetadataId": "b766e00d-dd92-482f-8b2d-d8afac00c438"
          },
          "type": "Http",
          "inputs": {
            "uri": "https://graph.microsoft.com/v1.0/drives/@{triggerBody()?['text']}/items/@{triggerBody()?['text_1']}/children",
            "method": "POST",
            "body": {
              "name": "@{triggerBody()?['text_2']}",
              "folder": {}
            },
            "authentication": {
              "type": "ActiveDirectoryOAuth",
              "authority": "@parameters('Authority (dev_Authority)')",
              "tenant": "@parameters('Tenant (dev_Tenant)')",
              "audience": "@parameters('Audience (dev_Audience)')",
              "clientId": "@parameters('Client ID (dev_ClientID)')",
              "secret": "@parameters('Secret (dev_Secret)')"
            }
          }
        },
        "Respond_to_a_Power_App_or_flow": {
          "runAfter": {
            "HTTP": [
              "Succeeded"
            ]
          },
          "metadata": {
            "operationMetadataId": "f0845b26-4826-4895-8f9a-9cb30e058054"
          },
          "type": "Response",
          "kind": "PowerApp",
          "inputs": {
            "schema": {
              "type": "object",
              "properties": {
                "containerid": {
                  "title": "ContainerID",
                  "x-ms-dynamically-added": true,
                  "type": "string"
                }
              },
              "additionalProperties": {}
            },
            "statusCode": 200,
            "body": {
              "containerid": "@{body('HTTP')['id']}"
            }
          }
        }
      }
    },
    "templateName": null
  },
  "schemaVersion": "1.0.0.0"
}