{
  "properties": {
    "connectionReferences": {},
    "definition": {
      "$schema": "https://schema.management.azure.com/providers/Microsoft.Logic/schemas/2016-06-01/workflowdefinition.json#",
      "contentVersion": "1.0.0.0",
      "parameters": {
        "$authentication": {
          "defaultValue": {},
          "type": "SecureObject"
        },
        "Authority (dev_Authority)": {
          "defaultValue": "https://login.microsoftonline.com",
          "type": "String",
          "metadata": {
            "schemaName": "dev_Authority",
            "description": "Active Directory OAuth Authority"
          }
        },
        "Tenant (dev_Tenant)": {
          "defaultValue": "153a6ebe-ff62-4bce-b1bc-a1eda3bc6645",
          "type": "String",
          "metadata": {
            "schemaName": "dev_Tenant",
            "description": "Your Tenant ID"
          }
        },
        "Audience (dev_Audience)": {
          "defaultValue": "https://graph.microsoft.com",
          "type": "String",
          "metadata": {
            "schemaName": "dev_Audience",
            "description": "The Audience scope for you application"
          }
        },
        "Client ID (dev_ClientID)": {
          "defaultValue": "fb7cf520-cb33-45bf-a238-ae51d316665f",
          "type": "String",
          "metadata": {
            "schemaName": "dev_ClientID",
            "description": "The Client ID that was created during the App Registration process."
          }
        },
        "Secret (dev_Secret)": {
          "defaultValue": "44~8Q~VVii-qFkigLLgj4K-LpEsPQUfO9JHNAcBL",
          "type": "String",
          "metadata": {
            "schemaName": "dev_Secret",
            "description": "The secret that was created during the App Registration process"
          }
        }
      },
      "triggers": {
        "manual": {
          "metadata": {
            "operationMetadataId": "ae606436-2154-48bd-8586-b7cfe846461a"
          },
          "type": "Request",
          "kind": "PowerAppV2",
          "inputs": {
            "schema": {
              "type": "object",
              "properties": {
                "text": {
                  "title": "Container ID",
                  "type": "string",
                  "x-ms-dynamically-added": true,
                  "description": "Please enter your input",
                  "x-ms-content-hint": "TEXT"
                }
              },
              "required": [
                "text"
              ]
            }
          }
        }
      },
      "actions": {
        "HTTP": {
          "runAfter": {},
          "metadata": {
            "operationMetadataId": "d438d6c3-b6c2-4944-8c26-b1b60e3ed163"
          },
          "type": "Http",
          "inputs": {
            "method": "GET",
            "uri": "https://graph.microsoft.com/beta/storage/fileStorage/containers/@{triggerBody()['text']}/customProperties",
            "headers": {
              "Content-Type": "application/json"
            },
            "authentication": {
              "type": "ActiveDirectoryOAuth",
              "authority": "@parameters('Authority (dev_Authority)')",
              "tenant": "@parameters('Tenant (dev_Tenant)')",
              "audience": "@parameters('Audience (dev_Audience)')",
              "clientId": "@parameters('Client ID (dev_ClientID)')",
              "secret": "@parameters('Secret (dev_Secret)')"
            }
          }
        },
        "Initialize_variable": {
          "runAfter": {
            "Compose_4": [
              "Succeeded"
            ]
          },
          "metadata": {
            "operationMetadataId": "0713fc52-b6ff-4d5f-bd24-2c1ca7e74e40"
          },
          "type": "InitializeVariable",
          "inputs": {
            "variables": [
              {
                "name": "varArray",
                "type": "array"
              }
            ]
          }
        },
        "Compose_4": {
          "runAfter": {
            "Substring": [
              "Succeeded"
            ]
          },
          "metadata": {
            "operationMetadataId": "8ba062f5-a377-499b-96a1-970b6a456631"
          },
          "type": "Compose",
          "inputs": "@split(replace(string(outputs('Substring')?['body']),'},','};'),';')"
        },
        "Substring": {
          "runAfter": {
            "Parse_JSON": [
              "Succeeded"
            ]
          },
          "metadata": {
            "operationMetadataId": "4bfcb5b3-44d2-48a7-9c38-fe21170b5b81"
          },
          "type": "Expression",
          "kind": "Substring",
          "inputs": {
            "text": "@string(outputs('Compose_3'))",
            "startingPosition": 1,
            "length": "@sub(length(string(outputs('Compose_3'))),2)"
          }
        },
        "Apply_to_each_2": {
          "foreach": "@outputs('Compose_4')",
          "actions": {
            "Append_to_array_variable": {
              "runAfter": {},
              "metadata": {
                "operationMetadataId": "ccc2a63c-e267-480b-84dc-cdd3d0b8d676"
              },
              "type": "AppendToArrayVariable",
              "inputs": {
                "name": "varArray",
                "value": "@json(item())"
              }
            }
          },
          "runAfter": {
            "Initialize_variable": [
              "Succeeded"
            ]
          },
          "metadata": {
            "operationMetadataId": "845e3afc-b174-4f5a-8d38-690016209cde"
          },
          "type": "Foreach"
        },
        "Compose_5": {
          "runAfter": {
            "Apply_to_each_2": [
              "Succeeded"
            ]
          },
          "metadata": {
            "operationMetadataId": "8646c622-076f-4bc7-a6c5-d0a37e69228d"
          },
          "type": "Compose",
          "inputs": "@variables('varArray')"
        },
        "Respond_to_a_Power_App_or_flow": {
          "runAfter": {
            "Select": [
              "Succeeded"
            ]
          },
          "metadata": {
            "operationMetadataId": "ece3115b-2a88-4309-ac54-8b3208f3b367"
          },
          "type": "Response",
          "kind": "PowerApp",
          "inputs": {
            "statusCode": 200,
            "body": {
              "body": "@{string(outputs('Select')?['body'])}"
            },
            "schema": {
              "type": "object",
              "properties": {
                "body": {
                  "title": "Body",
                  "x-ms-dynamically-added": true,
                  "type": "string"
                }
              }
            }
          }
        },
        "Compose_2": {
          "runAfter": {
            "HTTP": [
              "Succeeded"
            ]
          },
          "metadata": {
            "operationMetadataId": "6cb68ad9-ca21-47be-ba6e-97388dd41468"
          },
          "type": "Compose",
          "inputs": "@replace(string(body('HTTP')),'@odata.context','odatacontext')"
        },
        "Compose_3": {
          "runAfter": {
            "Compose_2": [
              "Succeeded"
            ]
          },
          "metadata": {
            "operationMetadataId": "f1e22978-7585-4c0c-b9b0-5eee7bcbe0e6"
          },
          "type": "Compose",
          "inputs": "@removeProperty(json(outputs('Compose_2')),'odatacontext')"
        },
        "Parse_JSON": {
          "runAfter": {
            "Compose_3": [
              "Succeeded"
            ]
          },
          "metadata": {
            "operationMetadataId": "c6bb1beb-ed03-4e19-b81d-e40c2f648fc8"
          },
          "type": "ParseJson",
          "inputs": {
            "content": "@outputs('Compose_3')",
            "schema": {
              "type": "object",
              "additionalProperties": {
                "type": "object",
                "properties": {
                  "value": {
                    "type": "string"
                  },
                  "isSearchable": {
                    "type": "boolean"
                  }
                }
              }
            }
          }
        },
        "Select": {
          "runAfter": {
            "Compose_5": [
              "Succeeded"
            ]
          },
          "metadata": {
            "operationMetadataId": "9a6f8cbf-6a33-491a-91f5-4fad4fed7c41"
          },
          "type": "Select",
          "inputs": {
            "from": "@variables('varArray')",
            "select": {
              "Key": "@item()",
              "Value": "@body('HTTP')?[item()]?['value']"
            }
          }
        }
      }
    },
    "templateName": ""
  },
  "schemaVersion": "1.0.0.0"
}