{
  "properties": {
    "connectionReferences": {},
    "definition": {
      "$schema": "https://schema.management.azure.com/providers/Microsoft.Logic/schemas/2016-06-01/workflowdefinition.json#",
      "contentVersion": "1.0.0.0",
      "parameters": {
        "$authentication": {
          "defaultValue": {},
          "type": "SecureObject"
        },
        "Authority (dev_Authority)": {
          "defaultValue": "https://login.microsoftonline.com",
          "type": "String",
          "metadata": {
            "schemaName": "dev_Authority",
            "description": "Active Directory OAuth Authority"
          }
        },
        "Tenant (dev_Tenant)": {
          "defaultValue": "153a6ebe-ff62-4bce-b1bc-a1eda3bc6645",
          "type": "String",
          "metadata": {
            "schemaName": "dev_Tenant",
            "description": "Your Tenant ID"
          }
        },
        "Audience (dev_Audience)": {
          "defaultValue": "https://graph.microsoft.com",
          "type": "String",
          "metadata": {
            "schemaName": "dev_Audience",
            "description": "The Audience scope for you application"
          }
        },
        "Client ID (dev_ClientID)": {
          "defaultValue": "fb7cf520-cb33-45bf-a238-ae51d316665f",
          "type": "String",
          "metadata": {
            "schemaName": "dev_ClientID",
            "description": "The Client ID that was created during the App Registration process."
          }
        },
        "Secret (dev_Secret)": {
          "defaultValue": "44~8Q~VVii-qFkigLLgj4K-LpEsPQUfO9JHNAcBL",
          "type": "String",
          "metadata": {
            "schemaName": "dev_Secret",
            "description": "The secret that was created during the App Registration process"
          }
        }
      },
      "triggers": {
        "manual": {
          "metadata": {
            "operationMetadataId": "68121bb9-f413-4eea-aff0-ea3b1cc29e06"
          },
          "type": "Request",
          "kind": "PowerAppV2",
          "inputs": {
            "schema": {
              "type": "object",
              "properties": {
                "text": {
                  "title": "Container ID",
                  "type": "string",
                  "x-ms-dynamically-added": true,
                  "description": "Please enter your input",
                  "x-ms-content-hint": "TEXT"
                },
                "text_1": {
                  "title": "Document ID",
                  "type": "string",
                  "x-ms-dynamically-added": true,
                  "description": "Please enter your input",
                  "x-ms-content-hint": "TEXT"
                }
              },
              "required": [
                "text",
                "text_1"
              ]
            }
          }
        }
      },
      "actions": {
        "Respond_to_a_Power_App_or_flow": {
          "runAfter": {
            "HTTP": [
              "Succeeded"
            ]
          },
          "metadata": {
            "operationMetadataId": "1a5e923c-159b-4a92-a386-0aa36bd3f8eb"
          },
          "type": "Response",
          "kind": "PowerApp",
          "inputs": {
            "statusCode": 200,
            "body": {
              "status": "@{outputs('HTTP')['statusCode']}",
              "body": "@{body('HTTP')?['value']}"
            },
            "schema": {
              "type": "object",
              "properties": {
                "status": {
                  "title": "Status",
                  "x-ms-dynamically-added": true,
                  "type": "string"
                },
                "body": {
                  "title": "Body",
                  "x-ms-dynamically-added": true,
                  "type": "string"
                }
              }
            }
          }
        },
        "HTTP": {
          "runAfter": {},
          "metadata": {
            "operationMetadataId": "b058f834-63c4-41b2-8148-43af5fd72873"
          },
          "type": "Http",
          "inputs": {
            "method": "GET",
            "uri": "https://graph.microsoft.com/beta/drives/@{triggerBody()['text']}/items/@{triggerBody()['text_1']}/versions",
            "headers": {
              "Content-Type": "application/json"
            },
            "authentication": {
              "type": "ActiveDirectoryOAuth",
              "authority": "@parameters('Authority (dev_Authority)')",
              "tenant": "@parameters('Tenant (dev_Tenant)')",
              "audience": "@parameters('Audience (dev_Audience)')",
              "clientId": "@parameters('Client ID (dev_ClientID)')",
              "secret": "@parameters('Secret (dev_Secret)')"
            }
          }
        }
      }
    },
    "templateName": ""
  },
  "schemaVersion": "1.0.0.0"
}