{
  "properties": {
    "connectionReferences": {},
    "definition": {
      "$schema": "https://schema.management.azure.com/providers/Microsoft.Logic/schemas/2016-06-01/workflowdefinition.json#",
      "contentVersion": "1.0.0.0",
      "parameters": {
        "$authentication": {
          "defaultValue": {},
          "type": "SecureObject"
        },
        "Authority (dev_Authority)": {
          "defaultValue": "https://login.microsoftonline.com",
          "type": "String",
          "metadata": {
            "schemaName": "dev_Authority",
            "description": "Active Directory OAuth Authority"
          }
        },
        "Tenant (dev_Tenant)": {
          "defaultValue": "153a6ebe-ff62-4bce-b1bc-a1eda3bc6645",
          "type": "String",
          "metadata": {
            "schemaName": "dev_Tenant",
            "description": "Your Tenant ID"
          }
        },
        "Audience (dev_Audience)": {
          "defaultValue": "https://graph.microsoft.com",
          "type": "String",
          "metadata": {
            "schemaName": "dev_Audience",
            "description": "The Audience scope for you application"
          }
        },
        "Client ID (dev_ClientID)": {
          "defaultValue": "fb7cf520-cb33-45bf-a238-ae51d316665f",
          "type": "String",
          "metadata": {
            "schemaName": "dev_ClientID",
            "description": "The Client ID that was created during the App Registration process."
          }
        },
        "Secret (dev_Secret)": {
          "defaultValue": "44~8Q~VVii-qFkigLLgj4K-LpEsPQUfO9JHNAcBL",
          "type": "String",
          "metadata": {
            "schemaName": "dev_Secret",
            "description": "The secret that was created during the App Registration process"
          }
        }
      },
      "triggers": {
        "manual": {
          "metadata": {
            "operationMetadataId": "70b44790-3594-45a6-8377-9e7abad8c9d3"
          },
          "type": "Request",
          "kind": "PowerAppV2",
          "inputs": {
            "schema": {
              "type": "object",
              "properties": {
                "text": {
                  "title": "Container_ID",
                  "type": "string",
                  "x-ms-dynamically-added": true,
                  "description": "The selected Container ID",
                  "x-ms-content-hint": "TEXT"
                },
                "text_1": {
                  "description": "The selected file ID",
                  "title": "FileID",
                  "type": "string",
                  "x-ms-content-hint": "TEXT",
                  "x-ms-dynamically-added": true
                }
              },
              "required": [
                "text",
                "text_1"
              ]
            }
          }
        }
      },
      "actions": {
        "EndPoint": {
          "runAfter": {
            "FileID": [
              "Succeeded"
            ]
          },
          "metadata": {
            "operationMetadataId": "2e6a20d8-a1b8-4df3-a904-f2791676f337"
          },
          "type": "SetVariable",
          "inputs": {
            "name": "Endpoint",
            "value": "@concat('https://graph.microsoft.com/v1.0/drives/', variables('ContainerID'), '/items/', variables('FileID'), '/preview')"
          }
        },
        "HTTP": {
          "runAfter": {
            "EndPoint": [
              "Succeeded"
            ]
          },
          "metadata": {
            "operationMetadataId": "4fea4a89-2712-4f36-a678-5b13b39bddd0"
          },
          "type": "Http",
          "inputs": {
            "method": "POST",
            "uri": "@variables('Endpoint')",
            "authentication": {
              "type": "ActiveDirectoryOAuth",
              "authority": "@parameters('Authority (dev_Authority)')",
              "tenant": "@parameters('Tenant (dev_Tenant)')",
              "audience": "@parameters('Audience (dev_Audience)')",
              "clientId": "@parameters('Client ID (dev_ClientID)')",
              "secret": "@parameters('Secret (dev_Secret)')"
            }
          }
        },
        "Respond_to_a_Power_App_or_flow": {
          "runAfter": {
            "Set_variable_1": [
              "Succeeded"
            ]
          },
          "metadata": {
            "operationMetadataId": "d05a9512-e29a-4145-b7f0-c7d23963d3a8"
          },
          "type": "Response",
          "kind": "PowerApp",
          "inputs": {
            "statusCode": 200,
            "body": {
              "result": "@{string(variables('varOutput'))}"
            },
            "schema": {
              "type": "object",
              "properties": {
                "result": {
                  "title": "Result",
                  "x-ms-dynamically-added": true,
                  "type": "string"
                }
              }
            }
          }
        },
        "ContainerID": {
          "runAfter": {
            "EndpointInit": [
              "Succeeded"
            ]
          },
          "metadata": {
            "operationMetadataId": "7518ca97-64af-49c1-be4b-d4dfedb6200f"
          },
          "type": "InitializeVariable",
          "inputs": {
            "variables": [
              {
                "name": "ContainerID",
                "type": "string",
                "value": "@triggerBody()?['text']"
              }
            ]
          }
        },
        "FileID": {
          "runAfter": {
            "ContainerID": [
              "Succeeded"
            ]
          },
          "metadata": {
            "operationMetadataId": "4674946f-d0c7-4557-8330-cfe486588218"
          },
          "type": "InitializeVariable",
          "inputs": {
            "variables": [
              {
                "name": "FileID",
                "type": "string",
                "value": "@triggerBody()?['text_1']"
              }
            ]
          }
        },
        "EndpointInit": {
          "runAfter": {},
          "metadata": {
            "operationMetadataId": "b0b1acdd-50a2-4bf6-9469-02136c5bfb02"
          },
          "type": "InitializeVariable",
          "inputs": {
            "variables": [
              {
                "name": "Endpoint",
                "type": "string"
              }
            ]
          }
        },
        "Parse_JSON": {
          "runAfter": {
            "HTTP": [
              "Succeeded"
            ]
          },
          "metadata": {
            "operationMetadataId": "242f187e-ebf3-4aae-ac90-e9059123714f"
          },
          "type": "ParseJson",
          "inputs": {
            "content": "@body('HTTP')",
            "schema": {
              "type": "object",
              "properties": {
                "getUrl": {
                  "type": "string"
                }
              }
            }
          }
        },
        "Initialize_variable": {
          "runAfter": {
            "Parse_JSON": [
              "Succeeded"
            ]
          },
          "metadata": {
            "operationMetadataId": "8fe455ee-9bfa-4243-a4d6-5e9cf340c513"
          },
          "type": "InitializeVariable",
          "inputs": {
            "variables": [
              {
                "name": "varOutput",
                "type": "string"
              }
            ]
          }
        },
        "Set_variable": {
          "runAfter": {
            "Array_Variable": [
              "Succeeded"
            ]
          },
          "metadata": {
            "operationMetadataId": "fd14aec5-06e4-4044-8a6d-b5cd31f522a9"
          },
          "type": "SetVariable",
          "inputs": {
            "name": "varOutput",
            "value": "@body('Parse_JSON')?['getUrl']"
          }
        },
        "Array_Variable": {
          "runAfter": {
            "Initialize_variable": [
              "Succeeded"
            ]
          },
          "metadata": {
            "operationMetadataId": "59956ff3-dc42-4b28-903b-06971ecb0769"
          },
          "type": "InitializeVariable",
          "inputs": {
            "variables": [
              {
                "name": "varArray",
                "type": "array"
              }
            ]
          }
        },
        "Compose": {
          "runAfter": {
            "Set_variable": [
              "Succeeded"
            ]
          },
          "metadata": {
            "operationMetadataId": "dc62e09d-cd63-463c-8743-c6e7bb724f98"
          },
          "type": "Compose",
          "inputs": "@body('Parse_JSON')?['getUrl']"
        },
        "Set_variable_1": {
          "runAfter": {
            "Compose": [
              "Succeeded"
            ]
          },
          "metadata": {
            "operationMetadataId": "60af5d24-6d87-48e8-94ba-82a1bf598b21"
          },
          "type": "SetVariable",
          "inputs": {
            "name": "varOutput",
            "value": "@outputs('Compose')"
          }
        }
      }
    },
    "templateName": ""
  },
  "schemaVersion": "1.0.0.0"
}