{
  "properties": {
    "connectionReferences": {},
    "definition": {
      "$schema": "https://schema.management.azure.com/providers/Microsoft.Logic/schemas/2016-06-01/workflowdefinition.json#",
      "contentVersion": "1.0.0.0",
      "parameters": {
        "$authentication": {
          "defaultValue": {},
          "type": "SecureObject"
        },
        "$connections": {
          "defaultValue": {},
          "type": "Object"
        },
        "Authority (dev_Authority)": {
          "defaultValue": "https://login.microsoftonline.com",
          "type": "String",
          "metadata": {
            "schemaName": "dev_Authority",
            "description": "Active Directory OAuth Authority"
          }
        },
        "Tenant (dev_Tenant)": {
          "defaultValue": "153a6ebe-ff62-4bce-b1bc-a1eda3bc6645",
          "type": "String",
          "metadata": {
            "schemaName": "dev_Tenant",
            "description": "Your Tenant ID"
          }
        },
        "Audience (dev_Audience)": {
          "defaultValue": "https://graph.microsoft.com",
          "type": "String",
          "metadata": {
            "schemaName": "dev_Audience",
            "description": "The Audience scope for you application"
          }
        },
        "Client ID (dev_ClientID)": {
          "defaultValue": "fb7cf520-cb33-45bf-a238-ae51d316665f",
          "type": "String",
          "metadata": {
            "schemaName": "dev_ClientID",
            "description": "The Client ID that was created during the App Registration process."
          }
        },
        "Secret (dev_Secret)": {
          "defaultValue": "44~8Q~VVii-qFkigLLgj4K-LpEsPQUfO9JHNAcBL",
          "type": "String",
          "metadata": {
            "schemaName": "dev_Secret",
            "description": "The secret that was created during the App Registration process"
          }
        },
        "ContainerTypeID (dev_ContainerTypeID)": {
          "defaultValue": "https://graph.microsoft.com/beta/storage/fileStorage/containers?$filter=containerTypeId eq ee469b9e-3451-0e71-1384-0fbc70aa001a",
          "type": "String",
          "metadata": {
            "schemaName": "dev_ContainerTypeID",
            "description": "The Container Type ID registered with SharePoint"
          }
        }
      },
      "triggers": {
        "manual": {
          "metadata": {
            "operationMetadataId": "58a91352-5ab7-4a3a-97eb-3cb1f892a5f3"
          },
          "type": "Request",
          "kind": "PowerAppV2",
          "inputs": {
            "schema": {
              "type": "object",
              "properties": {},
              "required": []
            }
          }
        }
      },
      "actions": {
        "HTTP": {
          "runAfter": {
            "Set_variable": [
              "Succeeded"
            ]
          },
          "metadata": {
            "operationMetadataId": "60e52c1b-9690-4206-a9b1-d758c7031490"
          },
          "type": "Http",
          "inputs": {
            "uri": "@variables('endpoint')",
            "method": "GET",
            "authentication": {
              "type": "ActiveDirectoryOAuth",
              "authority": "@parameters('Authority (dev_Authority)')",
              "tenant": "@parameters('Tenant (dev_Tenant)')",
              "audience": "@parameters('Audience (dev_Audience)')",
              "clientId": "@parameters('Client ID (dev_ClientID)')",
              "secret": "@parameters('Secret (dev_Secret)')"
            }
          }
        },
        "Respond_to_a_Power_App_or_flow_2": {
          "runAfter": {
            "HTTP": [
              "Succeeded"
            ]
          },
          "metadata": {
            "operationMetadataId": "7d50a3e7-d2b2-4cd7-bc03-bd166ce5c516"
          },
          "type": "Response",
          "kind": "PowerApp",
          "inputs": {
            "schema": {
              "type": "object",
              "properties": {
                "containers": {
                  "title": "Containers",
                  "x-ms-dynamically-added": true,
                  "type": "string"
                }
              },
              "additionalProperties": {}
            },
            "statusCode": 200,
            "body": {
              "containers": "@{body('HTTP')}"
            }
          }
        },
        "Initialize_variable": {
          "runAfter": {},
          "metadata": {
            "operationMetadataId": "3d28733a-69d8-4a14-82e7-a3645d1982a8"
          },
          "type": "InitializeVariable",
          "inputs": {
            "variables": [
              {
                "name": "endpoint",
                "type": "string"
              }
            ]
          }
        },
        "Set_variable": {
          "runAfter": {
            "Initialize_variable": [
              "Succeeded"
            ]
          },
          "metadata": {
            "operationMetadataId": "788440fd-66ac-4944-99a8-2dfcc004c8dc"
          },
          "type": "SetVariable",
          "inputs": {
            "name": "endpoint",
            "value": "https://graph.microsoft.com/beta/storage/fileStorage/containers?$filter=containerTypeId eq @{parameters('ContainerTypeID (dev_ContainerTypeID)')}"
          }
        }
      }
    },
    "templateName": null
  },
  "schemaVersion": "1.0.0.0"
}