<ImportExportXml xmlns:xsi="http://www.w3.org/2001/XMLSchema-instance" OrganizationVersion="9.2.24104.214" OrganizationSchemaType="Standard" CRMServerServiceabilityVersion="9.2.24104.00214">
  <Entities></Entities>
  <Roles></Roles>
  <Workflows>
    <Workflow WorkflowId="{60b1e18a-9b7b-eb11-a812-000d3a9d0193}" Name="Get policies" Description="Call this flow from Power Virtual Agents.">
      <JsonFileName>/Workflows/Getpolicies-60B1E18A-9B7B-EB11-A812-000D3A9D0193.json</JsonFileName>
      <Type>1</Type>
      <Subprocess>0</Subprocess>
      <Category>5</Category>
      <Mode>0</Mode>
      <Scope>4</Scope>
      <OnDemand>0</OnDemand>
      <TriggerOnCreate>0</TriggerOnCreate>
      <TriggerOnDelete>0</TriggerOnDelete>
      <AsyncAutodelete>0</AsyncAutodelete>
      <SyncWorkflowLogOnFailure>0</SyncWorkflowLogOnFailure>
      <StateCode>1</StateCode>
      <StatusCode>2</StatusCode>
      <RunAs>1</RunAs>
      <IsTransacted>1</IsTransacted>
      <IntroducedVersion>1.0</IntroducedVersion>
      <IsCustomizable>1</IsCustomizable>
      <BusinessProcessType>0</BusinessProcessType>
      <IsCustomProcessingStepAllowedForOtherPublishers>1</IsCustomProcessingStepAllowedForOtherPublishers>
      <PrimaryEntity>none</PrimaryEntity>
      <LocalizedNames>
        <LocalizedName languagecode="1033" description="Get policies" />
      </LocalizedNames>
      <Descriptions>
        <Description languagecode="1033" description="Call this flow from Power Virtual Agents." />
      </Descriptions>
    </Workflow>
    <Workflow WorkflowId="{538912ba-b997-ef11-8a69-000d3a9e7541}" Name="GetContainerColumns" Description="Add a new items into a SharePoint list and then send an email when a button or link in Power Apps is selected.">
      <JsonFileName>/Workflows/GetContainerColumns-538912BA-B997-EF11-8A69-000D3A9E7541.json</JsonFileName>
      <Type>1</Type>
      <Subprocess>0</Subprocess>
      <Category>5</Category>
      <Mode>0</Mode>
      <Scope>4</Scope>
      <OnDemand>0</OnDemand>
      <TriggerOnCreate>0</TriggerOnCreate>
      <TriggerOnDelete>0</TriggerOnDelete>
      <AsyncAutodelete>0</AsyncAutodelete>
      <SyncWorkflowLogOnFailure>0</SyncWorkflowLogOnFailure>
      <StateCode>1</StateCode>
      <StatusCode>2</StatusCode>
      <RunAs>1</RunAs>
      <IsTransacted>1</IsTransacted>
      <IntroducedVersion>1.0.0.9</IntroducedVersion>
      <IsCustomizable>1</IsCustomizable>
      <BusinessProcessType>0</BusinessProcessType>
      <IsCustomProcessingStepAllowedForOtherPublishers>1</IsCustomProcessingStepAllowedForOtherPublishers>
      <PrimaryEntity>none</PrimaryEntity>
      <LocalizedNames>
        <LocalizedName languagecode="1033" description="GetContainerColumns" />
      </LocalizedNames>
      <Descriptions>
        <Description languagecode="1033" description="Add a new items into a SharePoint list and then send an email when a button or link in Power Apps is selected." />
      </Descriptions>
    </Workflow>
    <Workflow WorkflowId="{af7592a4-f6a8-ef11-b8e8-6045bda75046}" Name="GetFolderItems" Description="Get the selected container">
      <JsonFileName>/Workflows/GetFolderItems-AF7592A4-F6A8-EF11-B8E8-6045BDA75046.json</JsonFileName>
      <Type>1</Type>
      <Subprocess>0</Subprocess>
      <Category>5</Category>
      <Mode>0</Mode>
      <Scope>4</Scope>
      <OnDemand>0</OnDemand>
      <TriggerOnCreate>0</TriggerOnCreate>
      <TriggerOnDelete>0</TriggerOnDelete>
      <AsyncAutodelete>0</AsyncAutodelete>
      <SyncWorkflowLogOnFailure>0</SyncWorkflowLogOnFailure>
      <StateCode>1</StateCode>
      <StatusCode>2</StatusCode>
      <RunAs>1</RunAs>
      <IsTransacted>1</IsTransacted>
      <IntroducedVersion>1.0.0.9</IntroducedVersion>
      <IsCustomizable>1</IsCustomizable>
      <BusinessProcessType>0</BusinessProcessType>
      <IsCustomProcessingStepAllowedForOtherPublishers>1</IsCustomProcessingStepAllowedForOtherPublishers>
      <PrimaryEntity>none</PrimaryEntity>
      <LocalizedNames>
        <LocalizedName languagecode="1033" description="GetFolderItems" />
      </LocalizedNames>
      <Descriptions>
        <Description languagecode="1033" description="Get the selected container" />
      </Descriptions>
    </Workflow>
    <Workflow WorkflowId="{306cbe9a-dcb3-ef11-b8e8-6045bda75046}" Name="Create Folder">
      <JsonFileName>/Workflows/CreateFolder-306CBE9A-DCB3-EF11-B8E8-6045BDA75046.json</JsonFileName>
      <Type>1</Type>
      <Subprocess>0</Subprocess>
      <Category>5</Category>
      <Mode>0</Mode>
      <Scope>4</Scope>
      <OnDemand>0</OnDemand>
      <TriggerOnCreate>0</TriggerOnCreate>
      <TriggerOnDelete>0</TriggerOnDelete>
      <AsyncAutodelete>0</AsyncAutodelete>
      <SyncWorkflowLogOnFailure>0</SyncWorkflowLogOnFailure>
      <StateCode>1</StateCode>
      <StatusCode>2</StatusCode>
      <RunAs>1</RunAs>
      <IsTransacted>1</IsTransacted>
      <IntroducedVersion>1.0.0.9</IntroducedVersion>
      <IsCustomizable>1</IsCustomizable>
      <BusinessProcessType>0</BusinessProcessType>
      <IsCustomProcessingStepAllowedForOtherPublishers>1</IsCustomProcessingStepAllowedForOtherPublishers>
      <PrimaryEntity>none</PrimaryEntity>
      <LocalizedNames>
        <LocalizedName languagecode="1033" description="Create Folder" />
      </LocalizedNames>
    </Workflow>
    <Workflow WorkflowId="{78846183-c176-ef11-a670-6045bdffa175}" Name="Get Container Properties">
      <JsonFileName>/Workflows/GetContainerProperties-78846183-C176-EF11-A670-6045BDFFA175.json</JsonFileName>
      <Type>1</Type>
      <Subprocess>0</Subprocess>
      <Category>5</Category>
      <Mode>0</Mode>
      <Scope>4</Scope>
      <OnDemand>0</OnDemand>
      <TriggerOnCreate>0</TriggerOnCreate>
      <TriggerOnDelete>0</TriggerOnDelete>
      <AsyncAutodelete>0</AsyncAutodelete>
      <SyncWorkflowLogOnFailure>0</SyncWorkflowLogOnFailure>
      <StateCode>1</StateCode>
      <StatusCode>2</StatusCode>
      <RunAs>1</RunAs>
      <IsTransacted>1</IsTransacted>
      <IntroducedVersion>1.0</IntroducedVersion>
      <IsCustomizable>1</IsCustomizable>
      <BusinessProcessType>0</BusinessProcessType>
      <IsCustomProcessingStepAllowedForOtherPublishers>1</IsCustomProcessingStepAllowedForOtherPublishers>
      <PrimaryEntity>none</PrimaryEntity>
      <LocalizedNames>
        <LocalizedName languagecode="1033" description="Get Container Properties" />
      </LocalizedNames>
    </Workflow>
    <Workflow WorkflowId="{97e539b0-4877-ef11-a670-6045bdffa175}" Name="GetContainer" Description="Get the selected container">
      <JsonFileName>/Workflows/GetContainer-97E539B0-4877-EF11-A670-6045BDFFA175.json</JsonFileName>
      <Type>1</Type>
      <Subprocess>0</Subprocess>
      <Category>5</Category>
      <Mode>0</Mode>
      <Scope>4</Scope>
      <OnDemand>0</OnDemand>
      <TriggerOnCreate>0</TriggerOnCreate>
      <TriggerOnDelete>0</TriggerOnDelete>
      <AsyncAutodelete>0</AsyncAutodelete>
      <SyncWorkflowLogOnFailure>0</SyncWorkflowLogOnFailure>
      <StateCode>1</StateCode>
      <StatusCode>2</StatusCode>
      <RunAs>1</RunAs>
      <IsTransacted>1</IsTransacted>
      <IntroducedVersion>1.0.0.0</IntroducedVersion>
      <IsCustomizable>1</IsCustomizable>
      <BusinessProcessType>0</BusinessProcessType>
      <IsCustomProcessingStepAllowedForOtherPublishers>1</IsCustomProcessingStepAllowedForOtherPublishers>
      <PrimaryEntity>none</PrimaryEntity>
      <LocalizedNames>
        <LocalizedName languagecode="1033" description="GetContainer" />
      </LocalizedNames>
      <Descriptions>
        <Description languagecode="1033" description="Get the selected container" />
      </Descriptions>
    </Workflow>
    <Workflow WorkflowId="{98e539b0-4877-ef11-a670-6045bdffa175}" Name="Activate Container">
      <JsonFileName>/Workflows/ActivateContainer-98E539B0-4877-EF11-A670-6045BDFFA175.json</JsonFileName>
      <Type>1</Type>
      <Subprocess>0</Subprocess>
      <Category>5</Category>
      <Mode>0</Mode>
      <Scope>4</Scope>
      <OnDemand>0</OnDemand>
      <TriggerOnCreate>0</TriggerOnCreate>
      <TriggerOnDelete>0</TriggerOnDelete>
      <AsyncAutodelete>0</AsyncAutodelete>
      <SyncWorkflowLogOnFailure>0</SyncWorkflowLogOnFailure>
      <StateCode>1</StateCode>
      <StatusCode>2</StatusCode>
      <RunAs>1</RunAs>
      <IsTransacted>1</IsTransacted>
      <IntroducedVersion>1.0.0.0</IntroducedVersion>
      <IsCustomizable>1</IsCustomizable>
      <BusinessProcessType>0</BusinessProcessType>
      <IsCustomProcessingStepAllowedForOtherPublishers>1</IsCustomProcessingStepAllowedForOtherPublishers>
      <PrimaryEntity>none</PrimaryEntity>
      <LocalizedNames>
        <LocalizedName languagecode="1033" description="Activate Container" />
      </LocalizedNames>
    </Workflow>
    <Workflow WorkflowId="{99e539b0-4877-ef11-a670-6045bdffa175}" Name="DeleteContainer">
      <JsonFileName>/Workflows/DeleteContainer-99E539B0-4877-EF11-A670-6045BDFFA175.json</JsonFileName>
      <Type>1</Type>
      <Subprocess>0</Subprocess>
      <Category>5</Category>
      <Mode>0</Mode>
      <Scope>4</Scope>
      <OnDemand>0</OnDemand>
      <TriggerOnCreate>0</TriggerOnCreate>
      <TriggerOnDelete>0</TriggerOnDelete>
      <AsyncAutodelete>0</AsyncAutodelete>
      <SyncWorkflowLogOnFailure>0</SyncWorkflowLogOnFailure>
      <StateCode>1</StateCode>
      <StatusCode>2</StatusCode>
      <RunAs>1</RunAs>
      <IsTransacted>1</IsTransacted>
      <IntroducedVersion>1.0.0.0</IntroducedVersion>
      <IsCustomizable>1</IsCustomizable>
      <BusinessProcessType>0</BusinessProcessType>
      <IsCustomProcessingStepAllowedForOtherPublishers>1</IsCustomProcessingStepAllowedForOtherPublishers>
      <PrimaryEntity>none</PrimaryEntity>
      <LocalizedNames>
        <LocalizedName languagecode="1033" description="DeleteContainer" />
      </LocalizedNames>
    </Workflow>
    <Workflow WorkflowId="{9ae539b0-4877-ef11-a670-6045bdffa175}" Name="Create Container">
      <JsonFileName>/Workflows/CreateContainer-9AE539B0-4877-EF11-A670-6045BDFFA175.json</JsonFileName>
      <Type>1</Type>
      <Subprocess>0</Subprocess>
      <Category>5</Category>
      <Mode>0</Mode>
      <Scope>4</Scope>
      <OnDemand>0</OnDemand>
      <TriggerOnCreate>0</TriggerOnCreate>
      <TriggerOnDelete>0</TriggerOnDelete>
      <AsyncAutodelete>0</AsyncAutodelete>
      <SyncWorkflowLogOnFailure>0</SyncWorkflowLogOnFailure>
      <StateCode>1</StateCode>
      <StatusCode>2</StatusCode>
      <RunAs>1</RunAs>
      <IsTransacted>1</IsTransacted>
      <IntroducedVersion>1.0.0.0</IntroducedVersion>
      <IsCustomizable>1</IsCustomizable>
      <BusinessProcessType>0</BusinessProcessType>
      <IsCustomProcessingStepAllowedForOtherPublishers>1</IsCustomProcessingStepAllowedForOtherPublishers>
      <PrimaryEntity>none</PrimaryEntity>
      <LocalizedNames>
        <LocalizedName languagecode="1033" description="Create Container" />
      </LocalizedNames>
    </Workflow>
    <Workflow WorkflowId="{82612077-4977-ef11-a670-6045bdffa175}" Name="GetFiles" Description="Get the selected container">
      <JsonFileName>/Workflows/GetFiles-82612077-4977-EF11-A670-6045BDFFA175.json</JsonFileName>
      <Type>1</Type>
      <Subprocess>0</Subprocess>
      <Category>5</Category>
      <Mode>0</Mode>
      <Scope>4</Scope>
      <OnDemand>0</OnDemand>
      <TriggerOnCreate>0</TriggerOnCreate>
      <TriggerOnDelete>0</TriggerOnDelete>
      <AsyncAutodelete>0</AsyncAutodelete>
      <SyncWorkflowLogOnFailure>0</SyncWorkflowLogOnFailure>
      <StateCode>1</StateCode>
      <StatusCode>2</StatusCode>
      <RunAs>1</RunAs>
      <IsTransacted>1</IsTransacted>
      <IntroducedVersion>1.0.0.0</IntroducedVersion>
      <IsCustomizable>1</IsCustomizable>
      <BusinessProcessType>0</BusinessProcessType>
      <IsCustomProcessingStepAllowedForOtherPublishers>1</IsCustomProcessingStepAllowedForOtherPublishers>
      <PrimaryEntity>none</PrimaryEntity>
      <LocalizedNames>
        <LocalizedName languagecode="1033" description="GetFiles" />
      </LocalizedNames>
      <Descriptions>
        <Description languagecode="1033" description="Get the selected container" />
      </Descriptions>
    </Workflow>
    <Workflow WorkflowId="{5331f2fe-8a77-ef11-a670-6045bdffa175}" Name="Get File Versions">
      <JsonFileName>/Workflows/GetFileVersions-5331F2FE-8A77-EF11-A670-6045BDFFA175.json</JsonFileName>
      <Type>1</Type>
      <Subprocess>0</Subprocess>
      <Category>5</Category>
      <Mode>0</Mode>
      <Scope>4</Scope>
      <OnDemand>0</OnDemand>
      <TriggerOnCreate>0</TriggerOnCreate>
      <TriggerOnDelete>0</TriggerOnDelete>
      <AsyncAutodelete>0</AsyncAutodelete>
      <SyncWorkflowLogOnFailure>0</SyncWorkflowLogOnFailure>
      <StateCode>1</StateCode>
      <StatusCode>2</StatusCode>
      <RunAs>1</RunAs>
      <IsTransacted>1</IsTransacted>
      <IntroducedVersion>1.0</IntroducedVersion>
      <IsCustomizable>1</IsCustomizable>
      <BusinessProcessType>0</BusinessProcessType>
      <IsCustomProcessingStepAllowedForOtherPublishers>1</IsCustomProcessingStepAllowedForOtherPublishers>
      <PrimaryEntity>none</PrimaryEntity>
      <LocalizedNames>
        <LocalizedName languagecode="1033" description="Get File Versions" />
      </LocalizedNames>
    </Workflow>
    <Workflow WorkflowId="{9b1e2932-706b-ef11-a670-7c1e5219ae1f}" Name="AddUserPermission">
      <JsonFileName>/Workflows/AddUserPermission-9B1E2932-706B-EF11-A670-7C1E5219AE1F.json</JsonFileName>
      <Type>1</Type>
      <Subprocess>0</Subprocess>
      <Category>5</Category>
      <Mode>0</Mode>
      <Scope>4</Scope>
      <OnDemand>0</OnDemand>
      <TriggerOnCreate>0</TriggerOnCreate>
      <TriggerOnDelete>0</TriggerOnDelete>
      <AsyncAutodelete>0</AsyncAutodelete>
      <SyncWorkflowLogOnFailure>0</SyncWorkflowLogOnFailure>
      <StateCode>1</StateCode>
      <StatusCode>2</StatusCode>
      <RunAs>1</RunAs>
      <IsTransacted>1</IsTransacted>
      <IntroducedVersion>1.0.0.0</IntroducedVersion>
      <IsCustomizable>1</IsCustomizable>
      <BusinessProcessType>0</BusinessProcessType>
      <IsCustomProcessingStepAllowedForOtherPublishers>1</IsCustomProcessingStepAllowedForOtherPublishers>
      <PrimaryEntity>none</PrimaryEntity>
      <LocalizedNames>
        <LocalizedName languagecode="1033" description="AddUserPermission" />
      </LocalizedNames>
    </Workflow>
    <Workflow WorkflowId="{76f2ca76-726b-ef11-a670-7c1e5219ae1f}" Name="GetContainerPermissions">
      <JsonFileName>/Workflows/GetContainerPermissions-76F2CA76-726B-EF11-A670-7C1E5219AE1F.json</JsonFileName>
      <Type>1</Type>
      <Subprocess>0</Subprocess>
      <Category>5</Category>
      <Mode>0</Mode>
      <Scope>4</Scope>
      <OnDemand>0</OnDemand>
      <TriggerOnCreate>0</TriggerOnCreate>
      <TriggerOnDelete>0</TriggerOnDelete>
      <AsyncAutodelete>0</AsyncAutodelete>
      <SyncWorkflowLogOnFailure>0</SyncWorkflowLogOnFailure>
      <StateCode>1</StateCode>
      <StatusCode>2</StatusCode>
      <RunAs>1</RunAs>
      <IsTransacted>1</IsTransacted>
      <IntroducedVersion>1.0.0.0</IntroducedVersion>
      <IsCustomizable>1</IsCustomizable>
      <BusinessProcessType>0</BusinessProcessType>
      <IsCustomProcessingStepAllowedForOtherPublishers>1</IsCustomProcessingStepAllowedForOtherPublishers>
      <PrimaryEntity>none</PrimaryEntity>
      <LocalizedNames>
        <LocalizedName languagecode="1033" description="GetContainerPermissions" />
      </LocalizedNames>
    </Workflow>
    <Workflow WorkflowId="{d21357df-bd6b-ef11-a670-7c1e5219ae1f}" Name="UploadFile">
      <JsonFileName>/Workflows/UploadFile-D21357DF-BD6B-EF11-A670-7C1E5219AE1F.json</JsonFileName>
      <Type>1</Type>
      <Subprocess>0</Subprocess>
      <Category>5</Category>
      <Mode>0</Mode>
      <Scope>4</Scope>
      <OnDemand>0</OnDemand>
      <TriggerOnCreate>0</TriggerOnCreate>
      <TriggerOnDelete>0</TriggerOnDelete>
      <AsyncAutodelete>0</AsyncAutodelete>
      <SyncWorkflowLogOnFailure>0</SyncWorkflowLogOnFailure>
      <StateCode>1</StateCode>
      <StatusCode>2</StatusCode>
      <RunAs>1</RunAs>
      <IsTransacted>1</IsTransacted>
      <IntroducedVersion>1.0.0.0</IntroducedVersion>
      <IsCustomizable>1</IsCustomizable>
      <BusinessProcessType>0</BusinessProcessType>
      <IsCustomProcessingStepAllowedForOtherPublishers>1</IsCustomProcessingStepAllowedForOtherPublishers>
      <PrimaryEntity>none</PrimaryEntity>
      <LocalizedNames>
        <LocalizedName languagecode="1033" description="UploadFile" />
      </LocalizedNames>
    </Workflow>
    <Workflow WorkflowId="{b564cceb-e76b-ef11-a670-7c1e5219ae1f}" Name="DeleteFile">
      <JsonFileName>/Workflows/DeleteFile-B564CCEB-E76B-EF11-A670-7C1E5219AE1F.json</JsonFileName>
      <Type>1</Type>
      <Subprocess>0</Subprocess>
      <Category>5</Category>
      <Mode>0</Mode>
      <Scope>4</Scope>
      <OnDemand>0</OnDemand>
      <TriggerOnCreate>0</TriggerOnCreate>
      <TriggerOnDelete>0</TriggerOnDelete>
      <AsyncAutodelete>0</AsyncAutodelete>
      <SyncWorkflowLogOnFailure>0</SyncWorkflowLogOnFailure>
      <StateCode>1</StateCode>
      <StatusCode>2</StatusCode>
      <RunAs>1</RunAs>
      <IsTransacted>1</IsTransacted>
      <IntroducedVersion>1.0.0.0</IntroducedVersion>
      <IsCustomizable>1</IsCustomizable>
      <BusinessProcessType>0</BusinessProcessType>
      <IsCustomProcessingStepAllowedForOtherPublishers>1</IsCustomProcessingStepAllowedForOtherPublishers>
      <PrimaryEntity>none</PrimaryEntity>
      <LocalizedNames>
        <LocalizedName languagecode="1033" description="DeleteFile" />
      </LocalizedNames>
    </Workflow>
    <Workflow WorkflowId="{e33535fd-856c-ef11-a670-7c1e5219ae1f}" Name="SearchResults">
      <JsonFileName>/Workflows/SearchResults-E33535FD-856C-EF11-A670-7C1E5219AE1F.json</JsonFileName>
      <Type>1</Type>
      <Subprocess>0</Subprocess>
      <Category>5</Category>
      <Mode>0</Mode>
      <Scope>4</Scope>
      <OnDemand>0</OnDemand>
      <TriggerOnCreate>0</TriggerOnCreate>
      <TriggerOnDelete>0</TriggerOnDelete>
      <AsyncAutodelete>0</AsyncAutodelete>
      <SyncWorkflowLogOnFailure>0</SyncWorkflowLogOnFailure>
      <StateCode>1</StateCode>
      <StatusCode>2</StatusCode>
      <RunAs>1</RunAs>
      <IsTransacted>1</IsTransacted>
      <IntroducedVersion>1.0.0.0</IntroducedVersion>
      <IsCustomizable>1</IsCustomizable>
      <BusinessProcessType>0</BusinessProcessType>
      <IsCustomProcessingStepAllowedForOtherPublishers>1</IsCustomProcessingStepAllowedForOtherPublishers>
      <PrimaryEntity>none</PrimaryEntity>
      <LocalizedNames>
        <LocalizedName languagecode="1033" description="SearchResults" />
      </LocalizedNames>
    </Workflow>
    <Workflow WorkflowId="{8d73821c-7974-ef11-a671-7c1e5219ae1f}" Name="Create Column">
      <JsonFileName>/Workflows/CreateColumn-8D73821C-7974-EF11-A671-7C1E5219AE1F.json</JsonFileName>
      <Type>1</Type>
      <Subprocess>0</Subprocess>
      <Category>5</Category>
      <Mode>0</Mode>
      <Scope>4</Scope>
      <OnDemand>0</OnDemand>
      <TriggerOnCreate>0</TriggerOnCreate>
      <TriggerOnDelete>0</TriggerOnDelete>
      <AsyncAutodelete>0</AsyncAutodelete>
      <SyncWorkflowLogOnFailure>0</SyncWorkflowLogOnFailure>
      <StateCode>1</StateCode>
      <StatusCode>2</StatusCode>
      <RunAs>1</RunAs>
      <IsTransacted>1</IsTransacted>
      <IntroducedVersion>1.0</IntroducedVersion>
      <IsCustomizable>1</IsCustomizable>
      <BusinessProcessType>0</BusinessProcessType>
      <IsCustomProcessingStepAllowedForOtherPublishers>1</IsCustomProcessingStepAllowedForOtherPublishers>
      <PrimaryEntity>none</PrimaryEntity>
      <LocalizedNames>
        <LocalizedName languagecode="1033" description="Create Column" />
      </LocalizedNames>
    </Workflow>
    <Workflow WorkflowId="{24f5b7b8-7a74-ef11-a671-7c1e5219ae1f}" Name="Get Columns">
      <JsonFileName>/Workflows/GetColumns-24F5B7B8-7A74-EF11-A671-7C1E5219AE1F.json</JsonFileName>
      <Type>1</Type>
      <Subprocess>0</Subprocess>
      <Category>5</Category>
      <Mode>0</Mode>
      <Scope>4</Scope>
      <OnDemand>0</OnDemand>
      <TriggerOnCreate>0</TriggerOnCreate>
      <TriggerOnDelete>0</TriggerOnDelete>
      <AsyncAutodelete>0</AsyncAutodelete>
      <SyncWorkflowLogOnFailure>0</SyncWorkflowLogOnFailure>
      <StateCode>1</StateCode>
      <StatusCode>2</StatusCode>
      <RunAs>1</RunAs>
      <IsTransacted>1</IsTransacted>
      <IntroducedVersion>1.0</IntroducedVersion>
      <IsCustomizable>1</IsCustomizable>
      <BusinessProcessType>0</BusinessProcessType>
      <IsCustomProcessingStepAllowedForOtherPublishers>1</IsCustomProcessingStepAllowedForOtherPublishers>
      <PrimaryEntity>none</PrimaryEntity>
      <LocalizedNames>
        <LocalizedName languagecode="1033" description="Get Columns" />
      </LocalizedNames>
    </Workflow>
    <Workflow WorkflowId="{cc3e019b-4775-ef11-a671-7c1e5219ae1f}" Name="Update Column">
      <JsonFileName>/Workflows/UpdateColumn-CC3E019B-4775-EF11-A671-7C1E5219AE1F.json</JsonFileName>
      <Type>1</Type>
      <Subprocess>0</Subprocess>
      <Category>5</Category>
      <Mode>0</Mode>
      <Scope>4</Scope>
      <OnDemand>0</OnDemand>
      <TriggerOnCreate>0</TriggerOnCreate>
      <TriggerOnDelete>0</TriggerOnDelete>
      <AsyncAutodelete>0</AsyncAutodelete>
      <SyncWorkflowLogOnFailure>0</SyncWorkflowLogOnFailure>
      <StateCode>1</StateCode>
      <StatusCode>2</StatusCode>
      <RunAs>1</RunAs>
      <IsTransacted>1</IsTransacted>
      <IntroducedVersion>1.0</IntroducedVersion>
      <IsCustomizable>1</IsCustomizable>
      <BusinessProcessType>0</BusinessProcessType>
      <IsCustomProcessingStepAllowedForOtherPublishers>1</IsCustomProcessingStepAllowedForOtherPublishers>
      <PrimaryEntity>none</PrimaryEntity>
      <LocalizedNames>
        <LocalizedName languagecode="1033" description="Update Column" />
      </LocalizedNames>
    </Workflow>
    <Workflow WorkflowId="{6765bc63-4c75-ef11-a671-7c1e5219ae1f}" Name="Delete Column">
      <JsonFileName>/Workflows/DeleteColumn-6765BC63-4C75-EF11-A671-7C1E5219AE1F.json</JsonFileName>
      <Type>1</Type>
      <Subprocess>0</Subprocess>
      <Category>5</Category>
      <Mode>0</Mode>
      <Scope>4</Scope>
      <OnDemand>0</OnDemand>
      <TriggerOnCreate>0</TriggerOnCreate>
      <TriggerOnDelete>0</TriggerOnDelete>
      <AsyncAutodelete>0</AsyncAutodelete>
      <SyncWorkflowLogOnFailure>0</SyncWorkflowLogOnFailure>
      <StateCode>1</StateCode>
      <StatusCode>2</StatusCode>
      <RunAs>1</RunAs>
      <IsTransacted>1</IsTransacted>
      <IntroducedVersion>1.0</IntroducedVersion>
      <IsCustomizable>1</IsCustomizable>
      <BusinessProcessType>0</BusinessProcessType>
      <IsCustomProcessingStepAllowedForOtherPublishers>1</IsCustomProcessingStepAllowedForOtherPublishers>
      <PrimaryEntity>none</PrimaryEntity>
      <LocalizedNames>
        <LocalizedName languagecode="1033" description="Delete Column" />
      </LocalizedNames>
    </Workflow>
    <Workflow WorkflowId="{b2d06a83-e775-ef11-a671-7c1e5219ae1f}" Name="GetContainers">
      <JsonFileName>/Workflows/GetContainers-B2D06A83-E775-EF11-A671-7C1E5219AE1F.json</JsonFileName>
      <Type>1</Type>
      <Subprocess>0</Subprocess>
      <Category>5</Category>
      <Mode>0</Mode>
      <Scope>4</Scope>
      <OnDemand>0</OnDemand>
      <TriggerOnCreate>0</TriggerOnCreate>
      <TriggerOnDelete>0</TriggerOnDelete>
      <AsyncAutodelete>0</AsyncAutodelete>
      <SyncWorkflowLogOnFailure>0</SyncWorkflowLogOnFailure>
      <StateCode>1</StateCode>
      <StatusCode>2</StatusCode>
      <RunAs>1</RunAs>
      <IsTransacted>1</IsTransacted>
      <IntroducedVersion>1.0.0.0</IntroducedVersion>
      <IsCustomizable>1</IsCustomizable>
      <BusinessProcessType>0</BusinessProcessType>
      <IsCustomProcessingStepAllowedForOtherPublishers>1</IsCustomProcessingStepAllowedForOtherPublishers>
      <PrimaryEntity>none</PrimaryEntity>
      <LocalizedNames>
        <LocalizedName languagecode="1033" description="GetContainers" />
      </LocalizedNames>
    </Workflow>
    <Workflow WorkflowId="{78aaf03a-fb75-ef11-a671-7c1e5219ae1f}" Name="GetContainerCustomProperties">
      <JsonFileName>/Workflows/GetContainerCustomProperties-78AAF03A-FB75-EF11-A671-7C1E5219AE1F.json</JsonFileName>
      <Type>1</Type>
      <Subprocess>0</Subprocess>
      <Category>5</Category>
      <Mode>0</Mode>
      <Scope>4</Scope>
      <OnDemand>0</OnDemand>
      <TriggerOnCreate>0</TriggerOnCreate>
      <TriggerOnDelete>0</TriggerOnDelete>
      <AsyncAutodelete>0</AsyncAutodelete>
      <SyncWorkflowLogOnFailure>0</SyncWorkflowLogOnFailure>
      <StateCode>1</StateCode>
      <StatusCode>2</StatusCode>
      <RunAs>1</RunAs>
      <IsTransacted>1</IsTransacted>
      <IntroducedVersion>1.0.0.0</IntroducedVersion>
      <IsCustomizable>1</IsCustomizable>
      <BusinessProcessType>0</BusinessProcessType>
      <IsCustomProcessingStepAllowedForOtherPublishers>1</IsCustomProcessingStepAllowedForOtherPublishers>
      <PrimaryEntity>none</PrimaryEntity>
      <LocalizedNames>
        <LocalizedName languagecode="1033" description="GetContainerCustomProperties" />
      </LocalizedNames>
    </Workflow>
    <Workflow WorkflowId="{d05f5af7-0576-ef11-a671-7c1e5219ae1f}" Name="Share File">
      <JsonFileName>/Workflows/ShareFile-D05F5AF7-0576-EF11-A671-7C1E5219AE1F.json</JsonFileName>
      <Type>1</Type>
      <Subprocess>0</Subprocess>
      <Category>5</Category>
      <Mode>0</Mode>
      <Scope>4</Scope>
      <OnDemand>0</OnDemand>
      <TriggerOnCreate>0</TriggerOnCreate>
      <TriggerOnDelete>0</TriggerOnDelete>
      <AsyncAutodelete>0</AsyncAutodelete>
      <SyncWorkflowLogOnFailure>0</SyncWorkflowLogOnFailure>
      <StateCode>1</StateCode>
      <StatusCode>2</StatusCode>
      <RunAs>1</RunAs>
      <IsTransacted>1</IsTransacted>
      <IntroducedVersion>1.0</IntroducedVersion>
      <IsCustomizable>1</IsCustomizable>
      <BusinessProcessType>0</BusinessProcessType>
      <IsCustomProcessingStepAllowedForOtherPublishers>1</IsCustomProcessingStepAllowedForOtherPublishers>
      <PrimaryEntity>none</PrimaryEntity>
      <LocalizedNames>
        <LocalizedName languagecode="1033" description="Share File" />
      </LocalizedNames>
    </Workflow>
  </Workflows>
  <FieldSecurityProfiles></FieldSecurityProfiles>
  <Templates />
  <EntityMaps />
  <EntityRelationships />
  <OrganizationSettings />
  <optionsets />
  <CustomControls />
  <EntityDataProviders />
  <CanvasApps>
    <CanvasApp>
      <Name>dev_sharepointembeddedcoe_5ef6c</Name>
      <AppVersion>2024-12-09T14:02:22Z</AppVersion>
      <Status>Ready</Status>
      <CreatedByClientVersion>3.24111.12.0</CreatedByClientVersion>
      <MinClientVersion>3.24111.12.0</MinClientVersion>
      <Tags>{"primaryDeviceWidth":"1366","primaryDeviceHeight":"768","supportsPortrait":"false","supportsLandscape":"true","primaryFormFactor":"Tablet","showStatusBar":"false","publisherVersion":"3.24111.12","minimumRequiredApiVersion":"2.2.0","hasComponent":"true","hasUnlockedComponent":"false","isUnifiedRootApp":"false","sienaVersion":"20241207T085914Z-3.24111.12.0","coauthoringEnabled":"true","multipleWritersEnabled":"true","acceptedCoauthoringTerms":"true"}</Tags>
      <IsCdsUpgraded>0</IsCdsUpgraded>
      <GalleryItemId xsi:nil="true"></GalleryItemId>
      <BackgroundColor>rgba(129, 42, 141, 1)</BackgroundColor>
      <DisplayName>SharePoint Embedded Starter Kit</DisplayName>
      <Description>Learn how to build Microsoft Office components in PowerApps. This how-to guide provides step-by-step instructions and powerful resources for building powerful line of business applications.</Description>
      <CommitMessage xsi:nil="true"></CommitMessage>
      <Publisher xsi:nil="true"></Publisher>
      <AuthorizationReferences>[]</AuthorizationReferences>
      <ConnectionReferences>{"8b9764f2-b1be-4174-a520-3b17440591d2":{"id":"/providers/microsoft.powerapps/apis/shared_logicflows","displayName":"Logic flows","iconUri":"https://connectoricons-prod.azureedge.net/releases/v1.0.1719/1.0.1719.3955/logicflows/icon.png","dataSources":["GetContainerPermissions"],"dependencies":[],"dependents":[],"parameterHints":{"workflowName":{"value":"d31dbbff-fe5a-4c12-aafc-75ffef1452a6"},"workflowEntityId":{"value":"76f2ca76-726b-ef11-a670-7c1e5219ae1f"},"workflowDisplayName":{"value":"GetContainerPermissions"}},"parameterHintsV2":{"workflowName":{"value":"d31dbbff-fe5a-4c12-aafc-75ffef1452a6"},"workflowEntityId":{"value":"76f2ca76-726b-ef11-a670-7c1e5219ae1f"},"workflowDisplayName":{"value":"GetContainerPermissions"}},"isOnPremiseConnection":false,"bypassConsent":false,"dataSets":{},"apiTier":"Standard","actions":["Run"]},"89d6850c-5778-40d7-968a-b0fa0416dad3":{"id":"/providers/microsoft.powerapps/apis/shared_logicflows","displayName":"Logic flows","iconUri":"https://connectoricons-prod.azureedge.net/releases/v1.0.1719/1.0.1719.3955/logicflows/icon.png","dataSources":["DeleteFile"],"dependencies":[],"dependents":[],"parameterHints":{"workflowName":{"value":"cd587810-4295-48f3-9df0-97d6b9a80e64"},"workflowEntityId":{"value":"b564cceb-e76b-ef11-a670-7c1e5219ae1f"},"workflowDisplayName":{"value":"DeleteFile"}},"parameterHintsV2":{"workflowName":{"value":"cd587810-4295-48f3-9df0-97d6b9a80e64"},"workflowEntityId":{"value":"b564cceb-e76b-ef11-a670-7c1e5219ae1f"},"workflowDisplayName":{"value":"DeleteFile"}},"isOnPremiseConnection":false,"bypassConsent":false,"dataSets":{},"apiTier":"Standard","actions":["Run"]},"86cd263c-752e-424c-80ed-affe9e50f207":{"id":"/providers/microsoft.powerapps/apis/shared_logicflows","displayName":"Logic flows","iconUri":"https://connectoricons-prod.azureedge.net/releases/v1.0.1719/1.0.1719.3955/logicflows/icon.png","dataSources":["AddUserPermission"],"dependencies":[],"dependents":[],"parameterHints":{"workflowName":{"value":"788dadc0-9ea8-4e2e-b3f4-6763a5e1a725"},"workflowEntityId":{"value":"9b1e2932-706b-ef11-a670-7c1e5219ae1f"},"workflowDisplayName":{"value":"AddUserPermission"}},"parameterHintsV2":{"workflowName":{"value":"788dadc0-9ea8-4e2e-b3f4-6763a5e1a725"},"workflowEntityId":{"value":"9b1e2932-706b-ef11-a670-7c1e5219ae1f"},"workflowDisplayName":{"value":"AddUserPermission"}},"isOnPremiseConnection":false,"bypassConsent":false,"dataSets":{},"apiTier":"Standard","actions":["Run"]},"a3b0c502-00f8-44d3-9e9e-fca3c7e8e4a5":{"id":"/providers/microsoft.powerapps/apis/shared_logicflows","displayName":"Logic flows","iconUri":"https://connectoricons-prod.azureedge.net/releases/v1.0.1719/1.0.1719.3955/logicflows/icon.png","dataSources":["CreateColumn"],"dependencies":[],"dependents":[],"parameterHints":{"workflowName":{"value":"009da76e-40d0-4d67-8872-eb41ded1e051"},"workflowEntityId":{"value":"8d73821c-7974-ef11-a671-7c1e5219ae1f"},"workflowDisplayName":{"value":"Create Column"}},"parameterHintsV2":{"workflowName":{"value":"009da76e-40d0-4d67-8872-eb41ded1e051"},"workflowEntityId":{"value":"8d73821c-7974-ef11-a671-7c1e5219ae1f"},"workflowDisplayName":{"value":"Create Column"}},"isOnPremiseConnection":false,"bypassConsent":false,"dataSets":{},"apiTier":"Standard","actions":["Run"]},"85b2dab0-09db-42f4-bf7a-c9e936ce3264":{"id":"/providers/microsoft.powerapps/apis/shared_logicflows","displayName":"Logic flows","iconUri":"https://connectoricons-prod.azureedge.net/releases/v1.0.1719/1.0.1719.3955/logicflows/icon.png","dataSources":["SearchResults"],"dependencies":[],"dependents":[],"parameterHints":{"workflowName":{"value":"499c050a-1b30-4f02-b452-22bade8dd45a"},"workflowEntityId":{"value":"e33535fd-856c-ef11-a670-7c1e5219ae1f"},"workflowDisplayName":{"value":"SearchResults"}},"parameterHintsV2":{"workflowName":{"value":"499c050a-1b30-4f02-b452-22bade8dd45a"},"workflowEntityId":{"value":"e33535fd-856c-ef11-a670-7c1e5219ae1f"},"workflowDisplayName":{"value":"SearchResults"}},"isOnPremiseConnection":false,"bypassConsent":false,"dataSets":{},"apiTier":"Standard","actions":["Run"]},"6451b6ce-570f-43cc-890f-d19e276477d6":{"id":"/providers/microsoft.powerapps/apis/shared_logicflows","displayName":"Logic flows","iconUri":"https://connectoricons-prod.azureedge.net/releases/v1.0.1719/1.0.1719.3955/logicflows/icon.png","dataSources":["GetColumns"],"dependencies":[],"dependents":[],"parameterHints":{"workflowName":{"value":"2e29f7fa-d9f6-4809-a94e-409c88031a89"},"workflowEntityId":{"value":"24f5b7b8-7a74-ef11-a671-7c1e5219ae1f"},"workflowDisplayName":{"value":"Get Columns"}},"parameterHintsV2":{"workflowName":{"value":"2e29f7fa-d9f6-4809-a94e-409c88031a89"},"workflowEntityId":{"value":"24f5b7b8-7a74-ef11-a671-7c1e5219ae1f"},"workflowDisplayName":{"value":"Get Columns"}},"isOnPremiseConnection":false,"bypassConsent":false,"dataSets":{},"apiTier":"Standard","actions":["Run"]},"a0cc8eed-55ce-4d6b-b016-5cb5555c3987":{"id":"/providers/microsoft.powerapps/apis/shared_logicflows","displayName":"Logic flows","iconUri":"https://connectoricons-prod.azureedge.net/releases/v1.0.1719/1.0.1719.3955/logicflows/icon.png","dataSources":["UpdateColumn"],"dependencies":[],"dependents":[],"parameterHints":{"workflowName":{"value":"e328a977-ee4b-4eb6-8f4d-c18daa75baef"},"workflowEntityId":{"value":"cc3e019b-4775-ef11-a671-7c1e5219ae1f"},"workflowDisplayName":{"value":"Update Column"}},"parameterHintsV2":{"workflowName":{"value":"e328a977-ee4b-4eb6-8f4d-c18daa75baef"},"workflowEntityId":{"value":"cc3e019b-4775-ef11-a671-7c1e5219ae1f"},"workflowDisplayName":{"value":"Update Column"}},"isOnPremiseConnection":false,"bypassConsent":false,"dataSets":{},"apiTier":"Standard","actions":["Run"]},"1018f487-9434-4495-88c7-cf5cb8245d72":{"id":"/providers/microsoft.powerapps/apis/shared_logicflows","displayName":"Logic flows","iconUri":"https://connectoricons-prod.azureedge.net/releases/v1.0.1719/1.0.1719.3955/logicflows/icon.png","dataSources":["DeleteColumn"],"dependencies":[],"dependents":[],"parameterHints":{"workflowName":{"value":"6c5b90af-f55c-4eb0-88df-642e4d1c9cad"},"workflowEntityId":{"value":"6765bc63-4c75-ef11-a671-7c1e5219ae1f"},"workflowDisplayName":{"value":"Delete Column"}},"parameterHintsV2":{"workflowName":{"value":"6c5b90af-f55c-4eb0-88df-642e4d1c9cad"},"workflowEntityId":{"value":"6765bc63-4c75-ef11-a671-7c1e5219ae1f"},"workflowDisplayName":{"value":"Delete Column"}},"isOnPremiseConnection":false,"bypassConsent":false,"dataSets":{},"apiTier":"Standard","actions":["Run"]},"9b6f5b92-3374-47d9-9d26-9a263ad0aa29":{"id":"/providers/microsoft.powerapps/apis/shared_logicflows","displayName":"Logic flows","iconUri":"https://connectoricons-prod.azureedge.net/releases/v1.0.1719/1.0.1719.3955/logicflows/icon.png","dataSources":["GetContainerCustomProperties"],"dependencies":[],"dependents":[],"parameterHints":{"workflowName":{"value":"c2dd432b-7980-4ce7-8b05-bf08070edac6"},"workflowEntityId":{"value":"78aaf03a-fb75-ef11-a671-7c1e5219ae1f"},"workflowDisplayName":{"value":"GetContainerCustomProperties"}},"parameterHintsV2":{"workflowName":{"value":"c2dd432b-7980-4ce7-8b05-bf08070edac6"},"workflowEntityId":{"value":"78aaf03a-fb75-ef11-a671-7c1e5219ae1f"},"workflowDisplayName":{"value":"GetContainerCustomProperties"}},"isOnPremiseConnection":false,"bypassConsent":false,"dataSets":{},"apiTier":"Standard"},"94edcce9-4f09-47a1-abef-3f339ff0e36b":{"id":"/providers/microsoft.powerapps/apis/shared_logicflows","displayName":"Logic flows","iconUri":"https://connectoricons-prod.azureedge.net/releases/v1.0.1719/1.0.1719.3955/logicflows/icon.png","dataSources":["GetContainerProperties"],"dependencies":[],"dependents":[],"parameterHints":{"workflowName":{"value":"5d2f3773-be66-48a7-bad8-8a02c03e2bd9"},"workflowEntityId":{"value":"78846183-c176-ef11-a670-6045bdffa175"},"workflowDisplayName":{"value":"Get Container Properties"}},"parameterHintsV2":{"workflowName":{"value":"5d2f3773-be66-48a7-bad8-8a02c03e2bd9"},"workflowEntityId":{"value":"78846183-c176-ef11-a670-6045bdffa175"},"workflowDisplayName":{"value":"Get Container Properties"}},"isOnPremiseConnection":false,"bypassConsent":false,"dataSets":{},"apiTier":"Standard","actions":["Run"]},"cf21584c-903d-4d2a-aaba-82ec6f2811ba":{"id":"/providers/microsoft.powerapps/apis/shared_logicflows","displayName":"Logic flows","iconUri":"https://connectoricons-prod.azureedge.net/releases/v1.0.1719/1.0.1719.3955/logicflows/icon.png","dataSources":["GetFileVersions"],"dependencies":[],"dependents":[],"parameterHints":{"workflowName":{"value":"e0bf6572-2b24-4888-ab95-ad8c17b7115f"},"workflowEntityId":{"value":"5331f2fe-8a77-ef11-a670-6045bdffa175"},"workflowDisplayName":{"value":"Get file versions"}},"parameterHintsV2":{"workflowName":{"value":"e0bf6572-2b24-4888-ab95-ad8c17b7115f"},"workflowEntityId":{"value":"5331f2fe-8a77-ef11-a670-6045bdffa175"},"workflowDisplayName":{"value":"Get file versions"}},"isOnPremiseConnection":false,"bypassConsent":false,"dataSets":{},"apiTier":"Standard","actions":["Run"]},"1fa2b81f-bee5-4e9b-88e0-81ca90acbe3c":{"id":"/providers/microsoft.powerapps/apis/shared_logicflows","displayName":"Logic flows","iconUri":"https://connectoricons-prod.azureedge.net/releases/v1.0.1719/1.0.1719.3955/logicflows/icon.png","dataSources":["GetContainers"],"dependencies":[],"dependents":[],"parameterHints":{"workflowName":{"value":"e98cd354-9fcd-450f-86e9-21963c9b5205"},"workflowEntityId":{"value":"b2d06a83-e775-ef11-a671-7c1e5219ae1f"},"workflowDisplayName":{"value":"GetContainers"}},"parameterHintsV2":{"workflowName":{"value":"e98cd354-9fcd-450f-86e9-21963c9b5205"},"workflowEntityId":{"value":"b2d06a83-e775-ef11-a671-7c1e5219ae1f"},"workflowDisplayName":{"value":"GetContainers"}},"isOnPremiseConnection":false,"bypassConsent":false,"dataSets":{},"apiTier":"Standard","actions":["Run"]},"c42f2d8c-fdbb-4515-97ca-d15aa4a3cc7d":{"id":"/providers/microsoft.powerapps/apis/shared_logicflows","displayName":"Logic flows","iconUri":"https://connectoricons-prod.azureedge.net/releases/v1.0.1719/1.0.1719.3955/logicflows/icon.png","dataSources":["GetContainer"],"dependencies":[],"dependents":[],"parameterHints":{"workflowName":{"value":"a2d9bf9c-b26d-49d8-8e8e-478cc2f19299"},"workflowEntityId":{"value":"97e539b0-4877-ef11-a670-6045bdffa175"},"workflowDisplayName":{"value":"GetContainer"}},"parameterHintsV2":{"workflowName":{"value":"a2d9bf9c-b26d-49d8-8e8e-478cc2f19299"},"workflowEntityId":{"value":"97e539b0-4877-ef11-a670-6045bdffa175"},"workflowDisplayName":{"value":"GetContainer"}},"isOnPremiseConnection":false,"bypassConsent":false,"dataSets":{},"apiTier":"Standard"},"de198027-d624-4476-a5c3-d6c225c8a0a8":{"id":"/providers/microsoft.powerapps/apis/shared_logicflows","displayName":"Logic flows","iconUri":"https://connectoricons-prod.azureedge.net/releases/v1.0.1719/1.0.1719.3955/logicflows/icon.png","dataSources":["GetFiles"],"dependencies":[],"dependents":[],"parameterHints":{"workflowName":{"value":"d732e8df-283f-43ee-a4ba-7df8b43c0963"},"workflowEntityId":{"value":"82612077-4977-ef11-a670-6045bdffa175"},"workflowDisplayName":{"value":"GetFiles"}},"parameterHintsV2":{"workflowName":{"value":"d732e8df-283f-43ee-a4ba-7df8b43c0963"},"workflowEntityId":{"value":"82612077-4977-ef11-a670-6045bdffa175"},"workflowDisplayName":{"value":"GetFiles"}},"isOnPremiseConnection":false,"bypassConsent":false,"dataSets":{},"apiTier":"Standard","actions":["Run"]},"587e50de-02d1-4d80-9b0e-60c8cde610c8":{"id":"/providers/microsoft.powerapps/apis/shared_logicflows","displayName":"Logic flows","iconUri":"https://connectoricons-prod.azureedge.net/releases/v1.0.1719/1.0.1719.3955/logicflows/icon.png","dataSources":["ActivateContainer"],"dependencies":[],"dependents":[],"parameterHints":{"workflowName":{"value":"6a14b839-a3a7-4611-8072-c5c049962339"},"workflowEntityId":{"value":"98e539b0-4877-ef11-a670-6045bdffa175"},"workflowDisplayName":{"value":"Activate Container"}},"parameterHintsV2":{"workflowName":{"value":"6a14b839-a3a7-4611-8072-c5c049962339"},"workflowEntityId":{"value":"98e539b0-4877-ef11-a670-6045bdffa175"},"workflowDisplayName":{"value":"Activate Container"}},"isOnPremiseConnection":false,"bypassConsent":false,"dataSets":{},"apiTier":"Standard","actions":["Run"]},"e3a761d5-4efc-442b-83d3-556bacbb36ac":{"id":"/providers/microsoft.powerapps/apis/shared_logicflows","displayName":"Logic flows","iconUri":"https://connectoricons-prod.azureedge.net/releases/v1.0.1719/1.0.1719.3955/logicflows/icon.png","dataSources":["DeleteContainer"],"dependencies":[],"dependents":[],"parameterHints":{"workflowName":{"value":"a1a563a3-725f-4026-8d58-e59a42e9f0d1"},"workflowEntityId":{"value":"99e539b0-4877-ef11-a670-6045bdffa175"},"workflowDisplayName":{"value":"DeleteContainer"}},"parameterHintsV2":{"workflowName":{"value":"a1a563a3-725f-4026-8d58-e59a42e9f0d1"},"workflowEntityId":{"value":"99e539b0-4877-ef11-a670-6045bdffa175"},"workflowDisplayName":{"value":"DeleteContainer"}},"isOnPremiseConnection":false,"bypassConsent":false,"dataSets":{},"apiTier":"Standard","actions":["Run"]},"5fb0a7c0-4613-4462-bd25-29737dc18826":{"id":"/providers/microsoft.powerapps/apis/shared_logicflows","displayName":"Logic flows","iconUri":"https://connectoricons-prod.azureedge.net/releases/v1.0.1719/1.0.1719.3955/logicflows/icon.png","dataSources":["CreateContainer"],"dependencies":[],"dependents":[],"parameterHints":{"workflowName":{"value":"43a5bcf4-33b7-46eb-991d-d1532233b814"},"workflowEntityId":{"value":"9ae539b0-4877-ef11-a670-6045bdffa175"},"workflowDisplayName":{"value":"Create Container"}},"parameterHintsV2":{"workflowName":{"value":"43a5bcf4-33b7-46eb-991d-d1532233b814"},"workflowEntityId":{"value":"9ae539b0-4877-ef11-a670-6045bdffa175"},"workflowDisplayName":{"value":"Create Container"}},"isOnPremiseConnection":false,"bypassConsent":false,"dataSets":{},"apiTier":"Standard","actions":["Run"]},"4f14f668-cabe-4137-b7b3-7ceb63751093":{"id":"/providers/microsoft.powerapps/apis/shared_logicflows","displayName":"Logic flows","iconUri":"https://connectoricons-prod.azureedge.net/releases/v1.0.1719/1.0.1719.3955/logicflows/icon.png","dataSources":["ShareFile"],"dependencies":[],"dependents":[],"parameterHints":{"workflowName":{"value":"6a4cbe23-18cd-4249-8d9f-5dee652457db"},"workflowEntityId":{"value":"d05f5af7-0576-ef11-a671-7c1e5219ae1f"},"workflowDisplayName":{"value":"Share File"}},"parameterHintsV2":{"workflowName":{"value":"6a4cbe23-18cd-4249-8d9f-5dee652457db"},"workflowEntityId":{"value":"d05f5af7-0576-ef11-a671-7c1e5219ae1f"},"workflowDisplayName":{"value":"Share File"}},"isOnPremiseConnection":false,"bypassConsent":false,"dataSets":{},"apiTier":"Standard","actions":["Run"]},"36871b4d-3216-4346-9a81-274cc3400df0":{"id":"/providers/microsoft.powerapps/apis/shared_logicflows","displayName":"Logic flows","iconUri":"https://connectoricons-prod.azureedge.net/releases/v1.0.1719/1.0.1719.3955/logicflows/icon.png","dataSources":["GetContainerColumns"],"dependencies":[],"dependents":[],"parameterHints":{"workflowName":{"value":"c5d14913-05f8-4c88-8ce6-a7a992e3f5f4"},"workflowEntityId":{"value":"538912ba-b997-ef11-8a69-000d3a9e7541"},"workflowDisplayName":{"value":"GetContainerColumns"}},"parameterHintsV2":{"workflowName":{"value":"c5d14913-05f8-4c88-8ce6-a7a992e3f5f4"},"workflowEntityId":{"value":"538912ba-b997-ef11-8a69-000d3a9e7541"},"workflowDisplayName":{"value":"GetContainerColumns"}},"isOnPremiseConnection":false,"bypassConsent":false,"dataSets":{},"apiTier":"Standard","actions":["Run"]},"b3f38c91-bff5-49a4-896e-ec2ec63f8298":{"id":"/providers/microsoft.powerapps/apis/shared_logicflows","displayName":"Logic flows","iconUri":"https://connectoricons-prod.azureedge.net/releases/v1.0.1719/1.0.1719.3955/logicflows/icon.png","dataSources":["CreateFolder"],"dependencies":[],"dependents":[],"parameterHints":{"workflowName":{"value":"b5afe19b-bf94-4c48-8f2e-4906db6a811c"},"workflowEntityId":{"value":"306cbe9a-dcb3-ef11-b8e8-6045bda75046"},"workflowDisplayName":{"value":"Create Folder"}},"parameterHintsV2":{"workflowName":{"value":"b5afe19b-bf94-4c48-8f2e-4906db6a811c"},"workflowEntityId":{"value":"306cbe9a-dcb3-ef11-b8e8-6045bda75046"},"workflowDisplayName":{"value":"Create Folder"}},"isOnPremiseConnection":false,"bypassConsent":false,"dataSets":{},"apiTier":"Standard","actions":["Run"]},"84672cae-64a1-4fc0-97f4-d04c440e553c":{"id":"/providers/microsoft.powerapps/apis/shared_logicflows","displayName":"Logic flows","iconUri":"https://connectoricons-prod.azureedge.net/releases/v1.0.1719/1.0.1719.3955/logicflows/icon.png","dataSources":["UploadFile"],"dependencies":[],"dependents":[],"parameterHints":{"workflowName":{"value":"8ee61732-e3e7-4a70-b705-a34645ccbff0"},"workflowEntityId":{"value":"d21357df-bd6b-ef11-a670-7c1e5219ae1f"},"workflowDisplayName":{"value":"UploadFile"}},"parameterHintsV2":{"workflowName":{"value":"8ee61732-e3e7-4a70-b705-a34645ccbff0"},"workflowEntityId":{"value":"d21357df-bd6b-ef11-a670-7c1e5219ae1f"},"workflowDisplayName":{"value":"UploadFile"}},"isOnPremiseConnection":false,"bypassConsent":false,"dataSets":{},"apiTier":"Standard","actions":["Run"]},"72cb2455-74bd-47ed-b061-84b12dcdd397":{"id":"/providers/microsoft.powerapps/apis/shared_logicflows","displayName":"Logic flows","iconUri":"https://connectoricons-prod.azureedge.net/releases/v1.0.1719/1.0.1719.3955/logicflows/icon.png","dataSources":["GetFolderItems"],"dependencies":[],"dependents":[],"parameterHints":{"workflowName":{"value":"e945b7bb-2963-4a0e-b95a-f01f0b05ca03"},"workflowEntityId":{"value":"af7592a4-f6a8-ef11-b8e8-6045bda75046"},"workflowDisplayName":{"value":"GetFolderItems"}},"parameterHintsV2":{"workflowName":{"value":"e945b7bb-2963-4a0e-b95a-f01f0b05ca03"},"workflowEntityId":{"value":"af7592a4-f6a8-ef11-b8e8-6045bda75046"},"workflowDisplayName":{"value":"GetFolderItems"}},"isOnPremiseConnection":false,"bypassConsent":false,"dataSets":{},"apiTier":"Standard","actions":["Run"]}}</ConnectionReferences>
      <DatabaseReferences>{"default.cds":{"databaseDetails":{"referenceType":"Environmental","environmentName":"default.cds","overrideValues":{"status":"NotSpecified"}},"components":[{"componentName":"CustomControl","identifier":"cat_PowerCAT.ContextMenu","identifierType":"LogicalName"},{"componentName":"CustomControl","identifier":"cat_PowerCAT.ContextMenu","identifierType":"LogicalName"}]}}</DatabaseReferences>
      <AppComponents>[]</AppComponents>
      <AppComponentDependencies>[{"appComponentName":"2e88179d732a402184a767c94eab038b","appName":"09727bd1-f03e-438e-95cf-5a2e4291fb6f","appComponentLibraryName":"ff20df01-7ce5-4763-a31d-a8bd99e87331","appComponentLibraryVersion":"2024-09-30T19:12:31Z","appComponentLibraryLogicalName":"cat_powercatcomponentlibrary_0be3a","environmentName":"default-153a6ebe-ff62-4bce-b1bc-a1eda3bc6645"},{"appComponentName":"44e7951b1fad4ad98126f8c108dd1e9f","appName":"09727bd1-f03e-438e-95cf-5a2e4291fb6f","appComponentLibraryName":"ff20df01-7ce5-4763-a31d-a8bd99e87331","appComponentLibraryVersion":"2024-09-30T19:12:31Z","appComponentLibraryLogicalName":"cat_powercatcomponentlibrary_0be3a","environmentName":"default-153a6ebe-ff62-4bce-b1bc-a1eda3bc6645"},{"appComponentName":"5fa30e35dad34bf5ae3f78bd0875ed3f","appName":"09727bd1-f03e-438e-95cf-5a2e4291fb6f","appComponentLibraryName":"ff20df01-7ce5-4763-a31d-a8bd99e87331","appComponentLibraryVersion":"2024-09-30T19:12:31Z","appComponentLibraryLogicalName":"cat_powercatcomponentlibrary_0be3a","environmentName":"default-153a6ebe-ff62-4bce-b1bc-a1eda3bc6645"},{"appComponentName":"6da4b2f929d240969e49e05e10e720ce","appName":"09727bd1-f03e-438e-95cf-5a2e4291fb6f","appComponentLibraryName":"ff20df01-7ce5-4763-a31d-a8bd99e87331","appComponentLibraryVersion":"2024-09-30T19:12:31Z","appComponentLibraryLogicalName":"cat_powercatcomponentlibrary_0be3a","environmentName":"default-153a6ebe-ff62-4bce-b1bc-a1eda3bc6645"},{"appComponentName":"952d39d80fc84420b772a5058b19d909","appName":"09727bd1-f03e-438e-95cf-5a2e4291fb6f","appComponentLibraryName":"ff20df01-7ce5-4763-a31d-a8bd99e87331","appComponentLibraryVersion":"2024-09-30T19:12:31Z","appComponentLibraryLogicalName":"cat_powercatcomponentlibrary_0be3a","environmentName":"default-153a6ebe-ff62-4bce-b1bc-a1eda3bc6645"}]</AppComponentDependencies>
      <CanConsumeAppPass>0</CanConsumeAppPass>
      <CanvasAppType>0</CanvasAppType>
      <BypassConsent>0</BypassConsent>
      <AdminControlBypassConsent>0</AdminControlBypassConsent>
      <EmbeddedApp xsi:nil="true"></EmbeddedApp>
      <IntroducedVersion>1.0</IntroducedVersion>
      <CdsDependencies>{"cdsdependencies":[{"dependencyid":"76f2ca76-726b-ef11-a670-7c1e5219ae1f","componenttype":29,"componenttypeplatformname":"Workflow"},{"dependencyid":"b564cceb-e76b-ef11-a670-7c1e5219ae1f","componenttype":29,"componenttypeplatformname":"Workflow"},{"dependencyid":"9b1e2932-706b-ef11-a670-7c1e5219ae1f","componenttype":29,"componenttypeplatformname":"Workflow"},{"dependencyid":"8d73821c-7974-ef11-a671-7c1e5219ae1f","componenttype":29,"componenttypeplatformname":"Workflow"},{"dependencyid":"e33535fd-856c-ef11-a670-7c1e5219ae1f","componenttype":29,"componenttypeplatformname":"Workflow"},{"dependencyid":"24f5b7b8-7a74-ef11-a671-7c1e5219ae1f","componenttype":29,"componenttypeplatformname":"Workflow"},{"dependencyid":"cc3e019b-4775-ef11-a671-7c1e5219ae1f","componenttype":29,"componenttypeplatformname":"Workflow"},{"dependencyid":"6765bc63-4c75-ef11-a671-7c1e5219ae1f","componenttype":29,"componenttypeplatformname":"Workflow"},{"dependencyid":"78aaf03a-fb75-ef11-a671-7c1e5219ae1f","componenttype":29,"componenttypeplatformname":"Workflow"},{"dependencyid":"78846183-c176-ef11-a670-6045bdffa175","componenttype":29,"componenttypeplatformname":"Workflow"},{"dependencyid":"5331f2fe-8a77-ef11-a670-6045bdffa175","componenttype":29,"componenttypeplatformname":"Workflow"},{"dependencyid":"b2d06a83-e775-ef11-a671-7c1e5219ae1f","componenttype":29,"componenttypeplatformname":"Workflow"},{"dependencyid":"97e539b0-4877-ef11-a670-6045bdffa175","componenttype":29,"componenttypeplatformname":"Workflow"},{"dependencyid":"82612077-4977-ef11-a670-6045bdffa175","componenttype":29,"componenttypeplatformname":"Workflow"},{"dependencyid":"98e539b0-4877-ef11-a670-6045bdffa175","componenttype":29,"componenttypeplatformname":"Workflow"},{"dependencyid":"99e539b0-4877-ef11-a670-6045bdffa175","componenttype":29,"componenttypeplatformname":"Workflow"},{"dependencyid":"9ae539b0-4877-ef11-a670-6045bdffa175","componenttype":29,"componenttypeplatformname":"Workflow"},{"dependencyid":"d05f5af7-0576-ef11-a671-7c1e5219ae1f","componenttype":29,"componenttypeplatformname":"Workflow"},{"dependencyid":"538912ba-b997-ef11-8a69-000d3a9e7541","componenttype":29,"componenttypeplatformname":"Workflow"},{"dependencyid":"306cbe9a-dcb3-ef11-b8e8-6045bda75046","componenttype":29,"componenttypeplatformname":"Workflow"},{"dependencyid":"d21357df-bd6b-ef11-a670-7c1e5219ae1f","componenttype":29,"componenttypeplatformname":"Workflow"},{"dependencyid":"af7592a4-f6a8-ef11-b8e8-6045bda75046","componenttype":29,"componenttypeplatformname":"Workflow"},{"dependencyid":"","logicalname":"cat_PowerCAT.ContextMenu","componenttype":66,"componenttypeplatformname":"CustomControl"},{"dependencyid":"","logicalname":"cat_PowerCAT.ContextMenu","componenttype":66,"componenttypeplatformname":"CustomControl"},{"logicalname":"cat_powercatcomponentlibrary_0be3a","componenttype":300,"componenttypeplatformname":"CanvasApp"}]}</CdsDependencies>
      <IsCustomizable>1</IsCustomizable>
      <BackgroundImageUri>/CanvasApps/dev_sharepointembeddedcoe_5ef6c_BackgroundImageUri</BackgroundImageUri>
      <DocumentUri>/CanvasApps/dev_sharepointembeddedcoe_5ef6c_DocumentUri.msapp</DocumentUri>
      <AdditionalUris>
        <AdditionalUri>/CanvasApps/dev_sharepointembeddedcoe_5ef6c_AdditionalUris0_identity.json</AdditionalUri>
      </AdditionalUris>
    </CanvasApp>
    <CanvasApp>
      <Name>cat_powercatcomponentlibrary_0be3a</Name>
      <AppVersion>2024-09-30T19:12:31Z</AppVersion>
      <Status>Ready</Status>
      <CreatedByClientVersion>3.24091.13.0</CreatedByClientVersion>
      <MinClientVersion>3.24091.13.0</MinClientVersion>
      <Tags>{"primaryDeviceWidth":"46","primaryDeviceHeight":"640","sienaVersion":"20240916T192127Z-3.24045.24.0","deviceCapabilities":"","supportsPortrait":"true","supportsLandscape":"true","primaryFormFactor":"Phone","publisherVersion":"3.24091.13","minimumRequiredApiVersion":"2.2.0","hasComponent":"true","hasUnlockedComponent":"true","isUnifiedRootApp":"false","showStatusBar":"false"}</Tags>
      <IsCdsUpgraded>0</IsCdsUpgraded>
      <GalleryItemId xsi:nil="true"></GalleryItemId>
      <BackgroundColor>rgba(50, 50, 50, 1)</BackgroundColor>
      <DisplayName>Power CAT Component Library</DisplayName>
      <Description xsi:nil="true"></Description>
      <CommitMessage xsi:nil="true"></CommitMessage>
      <Publisher></Publisher>
      <AuthorizationReferences>[]</AuthorizationReferences>
      <ConnectionReferences>{}</ConnectionReferences>
      <DatabaseReferences>{"default.cds":{"databaseDetails":{"referenceType":"Environmental","environmentName":"default.cds","overrideValues":{"status":"NotSpecified"}},"dataSources":{"Activities":{"entitySetName":"activitypointers","logicalName":"activitypointer"}}}}</DatabaseReferences>
      <AppComponents>[{"appComponentName":"952d39d80fc84420b772a5058b19d909","displayName":"ExpandMenu","appName":"ff20df01-7ce5-4763-a31d-a8bd99e87331","appVersion":"2024-09-30T19:12:31Z","appComponentLibraryLogicalName":"cat_powercatcomponentlibrary_0be3a","appDisplayName":"Power CAT Component Library","environmentName":"default-153a6ebe-ff62-4bce-b1bc-a1eda3bc6645","owner":{"id":"056ec9e6-8793-4106-a6b3-8ea50a01c89d","displayName":"Steve Pucelik","email":"Steve@PucelikEnterprise.onmicrosoft.com","type":"User","tenantId":"153a6ebe-ff62-4bce-b1bc-a1eda3bc6645","userPrincipalName":"Steve@PucelikEnterprise.onmicrosoft.com"},"allowCustomization":true,"createdOn":"2024-09-16T19:21:27.672Z","lastModifiedOn":"2024-09-16T19:21:28.379Z","connectionReferences":{},"databaseReferences":{"default.cds":{"databaseDetails":{"referenceType":"NotSpecified","environmentName":"default.cds","overrideValues":{"status":"NotSpecified"}},"dataSources":{"Activities":{"entitySetName":"activitypointers","logicalName":"activitypointer"}}}}},{"appComponentName":"44e7951b1fad4ad98126f8c108dd1e9f","displayName":"Header","appName":"ff20df01-7ce5-4763-a31d-a8bd99e87331","appVersion":"2024-09-30T19:12:31Z","appComponentLibraryLogicalName":"cat_powercatcomponentlibrary_0be3a","appDisplayName":"Power CAT Component Library","environmentName":"default-153a6ebe-ff62-4bce-b1bc-a1eda3bc6645","owner":{"id":"056ec9e6-8793-4106-a6b3-8ea50a01c89d","displayName":"Steve Pucelik","email":"Steve@PucelikEnterprise.onmicrosoft.com","type":"User","tenantId":"153a6ebe-ff62-4bce-b1bc-a1eda3bc6645","userPrincipalName":"Steve@PucelikEnterprise.onmicrosoft.com"},"allowCustomization":true,"createdOn":"2024-09-16T19:21:27.672Z","lastModifiedOn":"2024-09-16T19:21:28.379Z","connectionReferences":{},"databaseReferences":{"default.cds":{"databaseDetails":{"referenceType":"NotSpecified","environmentName":"default.cds","overrideValues":{"status":"NotSpecified"}},"dataSources":{"Activities":{"entitySetName":"activitypointers","logicalName":"activitypointer"}}}}},{"appComponentName":"2e88179d732a402184a767c94eab038b","displayName":"Dialog","appName":"ff20df01-7ce5-4763-a31d-a8bd99e87331","appVersion":"2024-09-30T19:12:31Z","appComponentLibraryLogicalName":"cat_powercatcomponentlibrary_0be3a","appDisplayName":"Power CAT Component Library","environmentName":"default-153a6ebe-ff62-4bce-b1bc-a1eda3bc6645","owner":{"id":"056ec9e6-8793-4106-a6b3-8ea50a01c89d","displayName":"Steve Pucelik","email":"Steve@PucelikEnterprise.onmicrosoft.com","type":"User","tenantId":"153a6ebe-ff62-4bce-b1bc-a1eda3bc6645","userPrincipalName":"Steve@PucelikEnterprise.onmicrosoft.com"},"allowCustomization":true,"createdOn":"2024-09-16T19:21:27.672Z","lastModifiedOn":"2024-09-16T19:21:28.379Z","connectionReferences":{},"databaseReferences":{"default.cds":{"databaseDetails":{"referenceType":"NotSpecified","environmentName":"default.cds","overrideValues":{"status":"NotSpecified"}},"dataSources":{"Activities":{"entitySetName":"activitypointers","logicalName":"activitypointer"}}}}},{"appComponentName":"6da4b2f929d240969e49e05e10e720ce","displayName":"Panel","appName":"ff20df01-7ce5-4763-a31d-a8bd99e87331","appVersion":"2024-09-30T19:12:31Z","appComponentLibraryLogicalName":"cat_powercatcomponentlibrary_0be3a","appDisplayName":"Power CAT Component Library","environmentName":"default-153a6ebe-ff62-4bce-b1bc-a1eda3bc6645","owner":{"id":"056ec9e6-8793-4106-a6b3-8ea50a01c89d","displayName":"Steve Pucelik","email":"Steve@PucelikEnterprise.onmicrosoft.com","type":"User","tenantId":"153a6ebe-ff62-4bce-b1bc-a1eda3bc6645","userPrincipalName":"Steve@PucelikEnterprise.onmicrosoft.com"},"allowCustomization":true,"createdOn":"2024-09-16T19:21:27.672Z","lastModifiedOn":"2024-09-16T19:21:28.379Z","connectionReferences":{},"databaseReferences":{"default.cds":{"databaseDetails":{"referenceType":"NotSpecified","environmentName":"default.cds","overrideValues":{"status":"NotSpecified"}},"dataSources":{"Activities":{"entitySetName":"activitypointers","logicalName":"activitypointer"}}}}},{"appComponentName":"5fa30e35dad34bf5ae3f78bd0875ed3f","displayName":"Material","appName":"ff20df01-7ce5-4763-a31d-a8bd99e87331","appVersion":"2024-09-30T19:12:31Z","appComponentLibraryLogicalName":"cat_powercatcomponentlibrary_0be3a","appDisplayName":"Power CAT Component Library","environmentName":"default-153a6ebe-ff62-4bce-b1bc-a1eda3bc6645","owner":{"id":"056ec9e6-8793-4106-a6b3-8ea50a01c89d","displayName":"Steve Pucelik","email":"Steve@PucelikEnterprise.onmicrosoft.com","type":"User","tenantId":"153a6ebe-ff62-4bce-b1bc-a1eda3bc6645","userPrincipalName":"Steve@PucelikEnterprise.onmicrosoft.com"},"allowCustomization":true,"createdOn":"2024-09-16T19:21:27.672Z","lastModifiedOn":"2024-09-16T19:21:28.379Z","connectionReferences":{},"databaseReferences":{"default.cds":{"databaseDetails":{"referenceType":"NotSpecified","environmentName":"default.cds","overrideValues":{"status":"NotSpecified"}},"dataSources":{"Activities":{"entitySetName":"activitypointers","logicalName":"activitypointer"}}}}}]</AppComponents>
      <AppComponentDependencies>[]</AppComponentDependencies>
      <CanConsumeAppPass>1</CanConsumeAppPass>
      <CanvasAppType>1</CanvasAppType>
      <BypassConsent>0</BypassConsent>
      <AdminControlBypassConsent>0</AdminControlBypassConsent>
      <EmbeddedApp xsi:nil="true"></EmbeddedApp>
      <IntroducedVersion>1.0</IntroducedVersion>
      <CdsDependencies>{"cdsdependencies":[{"logicalname":"activitypointer","componenttype":1}]}</CdsDependencies>
      <IsCustomizable>1</IsCustomizable>
      <BackgroundImageUri>/CanvasApps/cat_powercatcomponentlibrary_0be3a_BackgroundImageUri</BackgroundImageUri>
      <DocumentUri>/CanvasApps/cat_powercatcomponentlibrary_0be3a_DocumentUri.msapp</DocumentUri>
      <AdditionalUris>
        <AdditionalUri>/CanvasApps/cat_powercatcomponentlibrary_0be3a_AdditionalUris0_identity.json</AdditionalUri>
      </AdditionalUris>
    </CanvasApp>
  </CanvasApps>
  <Languages>
    <Language>1033</Language>
  </Languages>
</ImportExportXml>