<ImportExportXml version="9.2.24092.202" SolutionPackageVersion="9.2" languagecode="1033" generatedBy="CrmLive" xmlns:xsi="http://www.w3.org/2001/XMLSchema-instance" OrganizationVersion="9.2.24092.202" OrganizationSchemaType="Standard" CRMServerServiceabilityVersion="9.2.24092.00202">
  <SolutionManifest>
    <UniqueName>SharePointEmbeddedCoE</UniqueName>
    <LocalizedNames>
      <LocalizedName description="SharePoint Embedded Starter Kit" languagecode="1033" />
    </LocalizedNames>
    <Descriptions />
    <Version>1.0.0.7</Version>
    <Managed>0</Managed>
    <Publisher>
      <UniqueName>pucelik</UniqueName>
      <LocalizedNames>
        <LocalizedName description="pucelik" languagecode="1033" />
      </LocalizedNames>
      <Descriptions>
        <Description description="pucelik" languagecode="1033" />
      </Descriptions>
      <EMailAddress xsi:nil="true"></EMailAddress>
      <SupportingWebsiteUrl xsi:nil="true"></SupportingWebsiteUrl>
      <CustomizationPrefix>dev</CustomizationPrefix>
      <CustomizationOptionValuePrefix>29305</CustomizationOptionValuePrefix>
      <Addresses>
        <Address>
          <AddressNumber>1</AddressNumber>
          <AddressTypeCode>1</AddressTypeCode>
          <City xsi:nil="true"></City>
          <County xsi:nil="true"></County>
          <Country xsi:nil="true"></Country>
          <Fax xsi:nil="true"></Fax>
          <FreightTermsCode xsi:nil="true"></FreightTermsCode>
          <ImportSequenceNumber xsi:nil="true"></ImportSequenceNumber>
          <Latitude xsi:nil="true"></Latitude>
          <Line1 xsi:nil="true"></Line1>
          <Line2 xsi:nil="true"></Line2>
          <Line3 xsi:nil="true"></Line3>
          <Longitude xsi:nil="true"></Longitude>
          <Name xsi:nil="true"></Name>
          <PostalCode xsi:nil="true"></PostalCode>
          <PostOfficeBox xsi:nil="true"></PostOfficeBox>
          <PrimaryContactName xsi:nil="true"></PrimaryContactName>
          <ShippingMethodCode>1</ShippingMethodCode>
          <StateOrProvince xsi:nil="true"></StateOrProvince>
          <Telephone1 xsi:nil="true"></Telephone1>
          <Telephone2 xsi:nil="true"></Telephone2>
          <Telephone3 xsi:nil="true"></Telephone3>
          <TimeZoneRuleVersionNumber xsi:nil="true"></TimeZoneRuleVersionNumber>
          <UPSZone xsi:nil="true"></UPSZone>
          <UTCOffset xsi:nil="true"></UTCOffset>
          <UTCConversionTimeZoneCode xsi:nil="true"></UTCConversionTimeZoneCode>
        </Address>
        <Address>
          <AddressNumber>2</AddressNumber>
          <AddressTypeCode>1</AddressTypeCode>
          <City xsi:nil="true"></City>
          <County xsi:nil="true"></County>
          <Country xsi:nil="true"></Country>
          <Fax xsi:nil="true"></Fax>
          <FreightTermsCode xsi:nil="true"></FreightTermsCode>
          <ImportSequenceNumber xsi:nil="true"></ImportSequenceNumber>
          <Latitude xsi:nil="true"></Latitude>
          <Line1 xsi:nil="true"></Line1>
          <Line2 xsi:nil="true"></Line2>
          <Line3 xsi:nil="true"></Line3>
          <Longitude xsi:nil="true"></Longitude>
          <Name xsi:nil="true"></Name>
          <PostalCode xsi:nil="true"></PostalCode>
          <PostOfficeBox xsi:nil="true"></PostOfficeBox>
          <PrimaryContactName xsi:nil="true"></PrimaryContactName>
          <ShippingMethodCode>1</ShippingMethodCode>
          <StateOrProvince xsi:nil="true"></StateOrProvince>
          <Telephone1 xsi:nil="true"></Telephone1>
          <Telephone2 xsi:nil="true"></Telephone2>
          <Telephone3 xsi:nil="true"></Telephone3>
          <TimeZoneRuleVersionNumber xsi:nil="true"></TimeZoneRuleVersionNumber>
          <UPSZone xsi:nil="true"></UPSZone>
          <UTCOffset xsi:nil="true"></UTCOffset>
          <UTCConversionTimeZoneCode xsi:nil="true"></UTCConversionTimeZoneCode>
        </Address>
      </Addresses>
    </Publisher>
    <RootComponents>
      <RootComponent type="29" id="{24f5b7b8-7a74-ef11-a671-7c1e5219ae1f}" behavior="0" />
      <RootComponent type="29" id="{5331f2fe-8a77-ef11-a670-6045bdffa175}" behavior="0" />
      <RootComponent type="29" id="{60b1e18a-9b7b-eb11-a812-000d3a9d0193}" behavior="0" />
      <RootComponent type="29" id="{6765bc63-4c75-ef11-a671-7c1e5219ae1f}" behavior="0" />
      <RootComponent type="29" id="{76f2ca76-726b-ef11-a670-7c1e5219ae1f}" behavior="0" />
      <RootComponent type="29" id="{78846183-c176-ef11-a670-6045bdffa175}" behavior="0" />
      <RootComponent type="29" id="{78aaf03a-fb75-ef11-a671-7c1e5219ae1f}" behavior="0" />
      <RootComponent type="29" id="{82612077-4977-ef11-a670-6045bdffa175}" behavior="0" />
      <RootComponent type="29" id="{8d73821c-7974-ef11-a671-7c1e5219ae1f}" behavior="0" />
      <RootComponent type="29" id="{97e539b0-4877-ef11-a670-6045bdffa175}" behavior="0" />
      <RootComponent type="29" id="{98e539b0-4877-ef11-a670-6045bdffa175}" behavior="0" />
      <RootComponent type="29" id="{99e539b0-4877-ef11-a670-6045bdffa175}" behavior="0" />
      <RootComponent type="29" id="{9ae539b0-4877-ef11-a670-6045bdffa175}" behavior="0" />
      <RootComponent type="29" id="{9b1e2932-706b-ef11-a670-7c1e5219ae1f}" behavior="0" />
      <RootComponent type="29" id="{b2d06a83-e775-ef11-a671-7c1e5219ae1f}" behavior="0" />
      <RootComponent type="29" id="{b564cceb-e76b-ef11-a670-7c1e5219ae1f}" behavior="0" />
      <RootComponent type="29" id="{cc3e019b-4775-ef11-a671-7c1e5219ae1f}" behavior="0" />
      <RootComponent type="29" id="{d05f5af7-0576-ef11-a671-7c1e5219ae1f}" behavior="0" />
      <RootComponent type="29" id="{d21357df-bd6b-ef11-a670-7c1e5219ae1f}" behavior="0" />
      <RootComponent type="29" id="{e33535fd-856c-ef11-a670-7c1e5219ae1f}" behavior="0" />
      <RootComponent type="300" schemaName="cat_powercatcomponentlibrary_0be3a" behavior="0" />
      <RootComponent type="300" schemaName="dev_sharepointembeddedcoe_5ef6c" behavior="0" />
    </RootComponents>
    <MissingDependencies>
      <MissingDependency>
        <Required type="300" schemaName="cat_powercatcomponentlibrary_0be3a" displayName="Power CAT Component Library" solution="CreatorKitCore (1.0.20240529.1)" />
        <Dependent type="300" schemaName="cat_powercatcomponentlibrary_0be3a" displayName="Power CAT Component Library" />
      </MissingDependency>
      <MissingDependency>
        <Required type="66" schemaName="cat_PowerCAT.ContextMenu" displayName="cat_PowerCAT.ContextMenu" solution="CreatorKitCore (1.0.20240529.1)" />
        <Dependent type="300" schemaName="dev_sharepointembeddedcoe_5ef6c" displayName="SharePoint Embedded Starter Kit" />
      </MissingDependency>
    </MissingDependencies>
  </SolutionManifest>
</ImportExportXml>