<ImportExportXml xmlns:xsi="http://www.w3.org/2001/XMLSchema-instance" OrganizationVersion="9.2.24083.202" OrganizationSchemaType="Standard" OrganizationType="Default" TenantId="153a6ebe-ff62-4bce-b1bc-a1eda3bc6645" CRMServerServiceabilityVersion="9.2.24083.00202">
  <Entities></Entities>
  <Roles></Roles>
  <Workflows>
    <Workflow WorkflowId="{60b1e18a-9b7b-eb11-a812-000d3a9d0193}" Name="Get policies" Description="Call this flow from Power Virtual Agents.">
      <JsonFileName>/Workflows/Getpolicies-60B1E18A-9B7B-EB11-A812-000D3A9D0193.json</JsonFileName>
      <Type>1</Type>
      <Subprocess>0</Subprocess>
      <Category>5</Category>
      <Mode>0</Mode>
      <Scope>4</Scope>
      <OnDemand>0</OnDemand>
      <TriggerOnCreate>0</TriggerOnCreate>
      <TriggerOnDelete>0</TriggerOnDelete>
      <AsyncAutodelete>0</AsyncAutodelete>
      <SyncWorkflowLogOnFailure>0</SyncWorkflowLogOnFailure>
      <StateCode>1</StateCode>
      <StatusCode>2</StatusCode>
      <RunAs>1</RunAs>
      <IsTransacted>1</IsTransacted>
      <IntroducedVersion>1.0</IntroducedVersion>
      <IsCustomizable>1</IsCustomizable>
      <BusinessProcessType>0</BusinessProcessType>
      <IsCustomProcessingStepAllowedForOtherPublishers>1</IsCustomProcessingStepAllowedForOtherPublishers>
      <PrimaryEntity>none</PrimaryEntity>
      <LocalizedNames>
        <LocalizedName languagecode="1033" description="Get policies" />
      </LocalizedNames>
      <Descriptions>
        <Description languagecode="1033" description="Call this flow from Power Virtual Agents." />
      </Descriptions>
    </Workflow>
    <Workflow WorkflowId="{78846183-c176-ef11-a670-6045bdffa175}" Name="Get Container Properties">
      <JsonFileName>/Workflows/GetContainerProperties-78846183-C176-EF11-A670-6045BDFFA175.json</JsonFileName>
      <Type>1</Type>
      <Subprocess>0</Subprocess>
      <Category>5</Category>
      <Mode>0</Mode>
      <Scope>4</Scope>
      <OnDemand>0</OnDemand>
      <TriggerOnCreate>0</TriggerOnCreate>
      <TriggerOnDelete>0</TriggerOnDelete>
      <AsyncAutodelete>0</AsyncAutodelete>
      <SyncWorkflowLogOnFailure>0</SyncWorkflowLogOnFailure>
      <StateCode>1</StateCode>
      <StatusCode>2</StatusCode>
      <RunAs>1</RunAs>
      <IsTransacted>1</IsTransacted>
      <IntroducedVersion>1.0</IntroducedVersion>
      <IsCustomizable>1</IsCustomizable>
      <BusinessProcessType>0</BusinessProcessType>
      <IsCustomProcessingStepAllowedForOtherPublishers>1</IsCustomProcessingStepAllowedForOtherPublishers>
      <PrimaryEntity>none</PrimaryEntity>
      <LocalizedNames>
        <LocalizedName languagecode="1033" description="Get Container Properties" />
      </LocalizedNames>
    </Workflow>
    <Workflow WorkflowId="{97e539b0-4877-ef11-a670-6045bdffa175}" Name="GetContainer" Description="Get the selected container">
      <JsonFileName>/Workflows/GetContainer-97E539B0-4877-EF11-A670-6045BDFFA175.json</JsonFileName>
      <Type>1</Type>
      <Subprocess>0</Subprocess>
      <Category>5</Category>
      <Mode>0</Mode>
      <Scope>4</Scope>
      <OnDemand>0</OnDemand>
      <TriggerOnCreate>0</TriggerOnCreate>
      <TriggerOnDelete>0</TriggerOnDelete>
      <AsyncAutodelete>0</AsyncAutodelete>
      <SyncWorkflowLogOnFailure>0</SyncWorkflowLogOnFailure>
      <StateCode>1</StateCode>
      <StatusCode>2</StatusCode>
      <RunAs>1</RunAs>
      <IsTransacted>1</IsTransacted>
      <IntroducedVersion>1.0.0.0</IntroducedVersion>
      <IsCustomizable>1</IsCustomizable>
      <BusinessProcessType>0</BusinessProcessType>
      <IsCustomProcessingStepAllowedForOtherPublishers>1</IsCustomProcessingStepAllowedForOtherPublishers>
      <PrimaryEntity>none</PrimaryEntity>
      <LocalizedNames>
        <LocalizedName languagecode="1033" description="GetContainer" />
      </LocalizedNames>
      <Descriptions>
        <Description languagecode="1033" description="Get the selected container" />
      </Descriptions>
    </Workflow>
    <Workflow WorkflowId="{98e539b0-4877-ef11-a670-6045bdffa175}" Name="Activate Container">
      <JsonFileName>/Workflows/ActivateContainer-98E539B0-4877-EF11-A670-6045BDFFA175.json</JsonFileName>
      <Type>1</Type>
      <Subprocess>0</Subprocess>
      <Category>5</Category>
      <Mode>0</Mode>
      <Scope>4</Scope>
      <OnDemand>0</OnDemand>
      <TriggerOnCreate>0</TriggerOnCreate>
      <TriggerOnDelete>0</TriggerOnDelete>
      <AsyncAutodelete>0</AsyncAutodelete>
      <SyncWorkflowLogOnFailure>0</SyncWorkflowLogOnFailure>
      <StateCode>1</StateCode>
      <StatusCode>2</StatusCode>
      <RunAs>1</RunAs>
      <IsTransacted>1</IsTransacted>
      <IntroducedVersion>1.0.0.0</IntroducedVersion>
      <IsCustomizable>1</IsCustomizable>
      <BusinessProcessType>0</BusinessProcessType>
      <IsCustomProcessingStepAllowedForOtherPublishers>1</IsCustomProcessingStepAllowedForOtherPublishers>
      <PrimaryEntity>none</PrimaryEntity>
      <LocalizedNames>
        <LocalizedName languagecode="1033" description="Activate Container" />
      </LocalizedNames>
    </Workflow>
    <Workflow WorkflowId="{99e539b0-4877-ef11-a670-6045bdffa175}" Name="DeleteContainer">
      <JsonFileName>/Workflows/DeleteContainer-99E539B0-4877-EF11-A670-6045BDFFA175.json</JsonFileName>
      <Type>1</Type>
      <Subprocess>0</Subprocess>
      <Category>5</Category>
      <Mode>0</Mode>
      <Scope>4</Scope>
      <OnDemand>0</OnDemand>
      <TriggerOnCreate>0</TriggerOnCreate>
      <TriggerOnDelete>0</TriggerOnDelete>
      <AsyncAutodelete>0</AsyncAutodelete>
      <SyncWorkflowLogOnFailure>0</SyncWorkflowLogOnFailure>
      <StateCode>1</StateCode>
      <StatusCode>2</StatusCode>
      <RunAs>1</RunAs>
      <IsTransacted>1</IsTransacted>
      <IntroducedVersion>1.0.0.0</IntroducedVersion>
      <IsCustomizable>1</IsCustomizable>
      <BusinessProcessType>0</BusinessProcessType>
      <IsCustomProcessingStepAllowedForOtherPublishers>1</IsCustomProcessingStepAllowedForOtherPublishers>
      <PrimaryEntity>none</PrimaryEntity>
      <LocalizedNames>
        <LocalizedName languagecode="1033" description="DeleteContainer" />
      </LocalizedNames>
    </Workflow>
    <Workflow WorkflowId="{9ae539b0-4877-ef11-a670-6045bdffa175}" Name="Create Container">
      <JsonFileName>/Workflows/CreateContainer-9AE539B0-4877-EF11-A670-6045BDFFA175.json</JsonFileName>
      <Type>1</Type>
      <Subprocess>0</Subprocess>
      <Category>5</Category>
      <Mode>0</Mode>
      <Scope>4</Scope>
      <OnDemand>0</OnDemand>
      <TriggerOnCreate>0</TriggerOnCreate>
      <TriggerOnDelete>0</TriggerOnDelete>
      <AsyncAutodelete>0</AsyncAutodelete>
      <SyncWorkflowLogOnFailure>0</SyncWorkflowLogOnFailure>
      <StateCode>1</StateCode>
      <StatusCode>2</StatusCode>
      <RunAs>1</RunAs>
      <IsTransacted>1</IsTransacted>
      <IntroducedVersion>1.0.0.0</IntroducedVersion>
      <IsCustomizable>1</IsCustomizable>
      <BusinessProcessType>0</BusinessProcessType>
      <IsCustomProcessingStepAllowedForOtherPublishers>1</IsCustomProcessingStepAllowedForOtherPublishers>
      <PrimaryEntity>none</PrimaryEntity>
      <LocalizedNames>
        <LocalizedName languagecode="1033" description="Create Container" />
      </LocalizedNames>
    </Workflow>
    <Workflow WorkflowId="{82612077-4977-ef11-a670-6045bdffa175}" Name="GetFiles" Description="Get the selected container">
      <JsonFileName>/Workflows/GetFiles-82612077-4977-EF11-A670-6045BDFFA175.json</JsonFileName>
      <Type>1</Type>
      <Subprocess>0</Subprocess>
      <Category>5</Category>
      <Mode>0</Mode>
      <Scope>4</Scope>
      <OnDemand>0</OnDemand>
      <TriggerOnCreate>0</TriggerOnCreate>
      <TriggerOnDelete>0</TriggerOnDelete>
      <AsyncAutodelete>0</AsyncAutodelete>
      <SyncWorkflowLogOnFailure>0</SyncWorkflowLogOnFailure>
      <StateCode>1</StateCode>
      <StatusCode>2</StatusCode>
      <RunAs>1</RunAs>
      <IsTransacted>1</IsTransacted>
      <IntroducedVersion>1.0.0.0</IntroducedVersion>
      <IsCustomizable>1</IsCustomizable>
      <BusinessProcessType>0</BusinessProcessType>
      <IsCustomProcessingStepAllowedForOtherPublishers>1</IsCustomProcessingStepAllowedForOtherPublishers>
      <PrimaryEntity>none</PrimaryEntity>
      <LocalizedNames>
        <LocalizedName languagecode="1033" description="GetFiles" />
      </LocalizedNames>
      <Descriptions>
        <Description languagecode="1033" description="Get the selected container" />
      </Descriptions>
    </Workflow>
    <Workflow WorkflowId="{5331f2fe-8a77-ef11-a670-6045bdffa175}" Name="Get File Versions">
      <JsonFileName>/Workflows/GetFileVersions-5331F2FE-8A77-EF11-A670-6045BDFFA175.json</JsonFileName>
      <Type>1</Type>
      <Subprocess>0</Subprocess>
      <Category>5</Category>
      <Mode>0</Mode>
      <Scope>4</Scope>
      <OnDemand>0</OnDemand>
      <TriggerOnCreate>0</TriggerOnCreate>
      <TriggerOnDelete>0</TriggerOnDelete>
      <AsyncAutodelete>0</AsyncAutodelete>
      <SyncWorkflowLogOnFailure>0</SyncWorkflowLogOnFailure>
      <StateCode>1</StateCode>
      <StatusCode>2</StatusCode>
      <RunAs>1</RunAs>
      <IsTransacted>1</IsTransacted>
      <IntroducedVersion>1.0</IntroducedVersion>
      <IsCustomizable>1</IsCustomizable>
      <BusinessProcessType>0</BusinessProcessType>
      <IsCustomProcessingStepAllowedForOtherPublishers>1</IsCustomProcessingStepAllowedForOtherPublishers>
      <PrimaryEntity>none</PrimaryEntity>
      <LocalizedNames>
        <LocalizedName languagecode="1033" description="Get File Versions" />
      </LocalizedNames>
    </Workflow>
    <Workflow WorkflowId="{9b1e2932-706b-ef11-a670-7c1e5219ae1f}" Name="AddUserPermission">
      <JsonFileName>/Workflows/AddUserPermission-9B1E2932-706B-EF11-A670-7C1E5219AE1F.json</JsonFileName>
      <Type>1</Type>
      <Subprocess>0</Subprocess>
      <Category>5</Category>
      <Mode>0</Mode>
      <Scope>4</Scope>
      <OnDemand>0</OnDemand>
      <TriggerOnCreate>0</TriggerOnCreate>
      <TriggerOnDelete>0</TriggerOnDelete>
      <AsyncAutodelete>0</AsyncAutodelete>
      <SyncWorkflowLogOnFailure>0</SyncWorkflowLogOnFailure>
      <StateCode>1</StateCode>
      <StatusCode>2</StatusCode>
      <RunAs>1</RunAs>
      <IsTransacted>1</IsTransacted>
      <IntroducedVersion>1.0.0.0</IntroducedVersion>
      <IsCustomizable>1</IsCustomizable>
      <BusinessProcessType>0</BusinessProcessType>
      <IsCustomProcessingStepAllowedForOtherPublishers>1</IsCustomProcessingStepAllowedForOtherPublishers>
      <PrimaryEntity>none</PrimaryEntity>
      <LocalizedNames>
        <LocalizedName languagecode="1033" description="AddUserPermission" />
      </LocalizedNames>
    </Workflow>
    <Workflow WorkflowId="{76f2ca76-726b-ef11-a670-7c1e5219ae1f}" Name="GetContainerPermissions">
      <JsonFileName>/Workflows/GetContainerPermissions-76F2CA76-726B-EF11-A670-7C1E5219AE1F.json</JsonFileName>
      <Type>1</Type>
      <Subprocess>0</Subprocess>
      <Category>5</Category>
      <Mode>0</Mode>
      <Scope>4</Scope>
      <OnDemand>0</OnDemand>
      <TriggerOnCreate>0</TriggerOnCreate>
      <TriggerOnDelete>0</TriggerOnDelete>
      <AsyncAutodelete>0</AsyncAutodelete>
      <SyncWorkflowLogOnFailure>0</SyncWorkflowLogOnFailure>
      <StateCode>1</StateCode>
      <StatusCode>2</StatusCode>
      <RunAs>1</RunAs>
      <IsTransacted>1</IsTransacted>
      <IntroducedVersion>1.0.0.0</IntroducedVersion>
      <IsCustomizable>1</IsCustomizable>
      <BusinessProcessType>0</BusinessProcessType>
      <IsCustomProcessingStepAllowedForOtherPublishers>1</IsCustomProcessingStepAllowedForOtherPublishers>
      <PrimaryEntity>none</PrimaryEntity>
      <LocalizedNames>
        <LocalizedName languagecode="1033" description="GetContainerPermissions" />
      </LocalizedNames>
    </Workflow>
    <Workflow WorkflowId="{d21357df-bd6b-ef11-a670-7c1e5219ae1f}" Name="UploadFile">
      <JsonFileName>/Workflows/UploadFile-D21357DF-BD6B-EF11-A670-7C1E5219AE1F.json</JsonFileName>
      <Type>1</Type>
      <Subprocess>0</Subprocess>
      <Category>5</Category>
      <Mode>0</Mode>
      <Scope>4</Scope>
      <OnDemand>0</OnDemand>
      <TriggerOnCreate>0</TriggerOnCreate>
      <TriggerOnDelete>0</TriggerOnDelete>
      <AsyncAutodelete>0</AsyncAutodelete>
      <SyncWorkflowLogOnFailure>0</SyncWorkflowLogOnFailure>
      <StateCode>1</StateCode>
      <StatusCode>2</StatusCode>
      <RunAs>1</RunAs>
      <IsTransacted>1</IsTransacted>
      <IntroducedVersion>1.0.0.0</IntroducedVersion>
      <IsCustomizable>1</IsCustomizable>
      <BusinessProcessType>0</BusinessProcessType>
      <IsCustomProcessingStepAllowedForOtherPublishers>1</IsCustomProcessingStepAllowedForOtherPublishers>
      <PrimaryEntity>none</PrimaryEntity>
      <LocalizedNames>
        <LocalizedName languagecode="1033" description="UploadFile" />
      </LocalizedNames>
    </Workflow>
    <Workflow WorkflowId="{b564cceb-e76b-ef11-a670-7c1e5219ae1f}" Name="DeleteFile">
      <JsonFileName>/Workflows/DeleteFile-B564CCEB-E76B-EF11-A670-7C1E5219AE1F.json</JsonFileName>
      <Type>1</Type>
      <Subprocess>0</Subprocess>
      <Category>5</Category>
      <Mode>0</Mode>
      <Scope>4</Scope>
      <OnDemand>0</OnDemand>
      <TriggerOnCreate>0</TriggerOnCreate>
      <TriggerOnDelete>0</TriggerOnDelete>
      <AsyncAutodelete>0</AsyncAutodelete>
      <SyncWorkflowLogOnFailure>0</SyncWorkflowLogOnFailure>
      <StateCode>1</StateCode>
      <StatusCode>2</StatusCode>
      <RunAs>1</RunAs>
      <IsTransacted>1</IsTransacted>
      <IntroducedVersion>1.0.0.0</IntroducedVersion>
      <IsCustomizable>1</IsCustomizable>
      <BusinessProcessType>0</BusinessProcessType>
      <IsCustomProcessingStepAllowedForOtherPublishers>1</IsCustomProcessingStepAllowedForOtherPublishers>
      <PrimaryEntity>none</PrimaryEntity>
      <LocalizedNames>
        <LocalizedName languagecode="1033" description="DeleteFile" />
      </LocalizedNames>
    </Workflow>
    <Workflow WorkflowId="{e33535fd-856c-ef11-a670-7c1e5219ae1f}" Name="SearchResults">
      <JsonFileName>/Workflows/SearchResults-E33535FD-856C-EF11-A670-7C1E5219AE1F.json</JsonFileName>
      <Type>1</Type>
      <Subprocess>0</Subprocess>
      <Category>5</Category>
      <Mode>0</Mode>
      <Scope>4</Scope>
      <OnDemand>0</OnDemand>
      <TriggerOnCreate>0</TriggerOnCreate>
      <TriggerOnDelete>0</TriggerOnDelete>
      <AsyncAutodelete>0</AsyncAutodelete>
      <SyncWorkflowLogOnFailure>0</SyncWorkflowLogOnFailure>
      <StateCode>1</StateCode>
      <StatusCode>2</StatusCode>
      <RunAs>1</RunAs>
      <IsTransacted>1</IsTransacted>
      <IntroducedVersion>1.0.0.0</IntroducedVersion>
      <IsCustomizable>1</IsCustomizable>
      <BusinessProcessType>0</BusinessProcessType>
      <IsCustomProcessingStepAllowedForOtherPublishers>1</IsCustomProcessingStepAllowedForOtherPublishers>
      <PrimaryEntity>none</PrimaryEntity>
      <LocalizedNames>
        <LocalizedName languagecode="1033" description="SearchResults" />
      </LocalizedNames>
    </Workflow>
    <Workflow WorkflowId="{8d73821c-7974-ef11-a671-7c1e5219ae1f}" Name="Create Column">
      <JsonFileName>/Workflows/CreateColumn-8D73821C-7974-EF11-A671-7C1E5219AE1F.json</JsonFileName>
      <Type>1</Type>
      <Subprocess>0</Subprocess>
      <Category>5</Category>
      <Mode>0</Mode>
      <Scope>4</Scope>
      <OnDemand>0</OnDemand>
      <TriggerOnCreate>0</TriggerOnCreate>
      <TriggerOnDelete>0</TriggerOnDelete>
      <AsyncAutodelete>0</AsyncAutodelete>
      <SyncWorkflowLogOnFailure>0</SyncWorkflowLogOnFailure>
      <StateCode>1</StateCode>
      <StatusCode>2</StatusCode>
      <RunAs>1</RunAs>
      <IsTransacted>1</IsTransacted>
      <IntroducedVersion>1.0</IntroducedVersion>
      <IsCustomizable>1</IsCustomizable>
      <BusinessProcessType>0</BusinessProcessType>
      <IsCustomProcessingStepAllowedForOtherPublishers>1</IsCustomProcessingStepAllowedForOtherPublishers>
      <PrimaryEntity>none</PrimaryEntity>
      <LocalizedNames>
        <LocalizedName languagecode="1033" description="Create Column" />
      </LocalizedNames>
    </Workflow>
    <Workflow WorkflowId="{24f5b7b8-7a74-ef11-a671-7c1e5219ae1f}" Name="Get Columns">
      <JsonFileName>/Workflows/GetColumns-24F5B7B8-7A74-EF11-A671-7C1E5219AE1F.json</JsonFileName>
      <Type>1</Type>
      <Subprocess>0</Subprocess>
      <Category>5</Category>
      <Mode>0</Mode>
      <Scope>4</Scope>
      <OnDemand>0</OnDemand>
      <TriggerOnCreate>0</TriggerOnCreate>
      <TriggerOnDelete>0</TriggerOnDelete>
      <AsyncAutodelete>0</AsyncAutodelete>
      <SyncWorkflowLogOnFailure>0</SyncWorkflowLogOnFailure>
      <StateCode>1</StateCode>
      <StatusCode>2</StatusCode>
      <RunAs>1</RunAs>
      <IsTransacted>1</IsTransacted>
      <IntroducedVersion>1.0</IntroducedVersion>
      <IsCustomizable>1</IsCustomizable>
      <BusinessProcessType>0</BusinessProcessType>
      <IsCustomProcessingStepAllowedForOtherPublishers>1</IsCustomProcessingStepAllowedForOtherPublishers>
      <PrimaryEntity>none</PrimaryEntity>
      <LocalizedNames>
        <LocalizedName languagecode="1033" description="Get Columns" />
      </LocalizedNames>
    </Workflow>
    <Workflow WorkflowId="{cc3e019b-4775-ef11-a671-7c1e5219ae1f}" Name="Update Column">
      <JsonFileName>/Workflows/UpdateColumn-CC3E019B-4775-EF11-A671-7C1E5219AE1F.json</JsonFileName>
      <Type>1</Type>
      <Subprocess>0</Subprocess>
      <Category>5</Category>
      <Mode>0</Mode>
      <Scope>4</Scope>
      <OnDemand>0</OnDemand>
      <TriggerOnCreate>0</TriggerOnCreate>
      <TriggerOnDelete>0</TriggerOnDelete>
      <AsyncAutodelete>0</AsyncAutodelete>
      <SyncWorkflowLogOnFailure>0</SyncWorkflowLogOnFailure>
      <StateCode>1</StateCode>
      <StatusCode>2</StatusCode>
      <RunAs>1</RunAs>
      <IsTransacted>1</IsTransacted>
      <IntroducedVersion>1.0</IntroducedVersion>
      <IsCustomizable>1</IsCustomizable>
      <BusinessProcessType>0</BusinessProcessType>
      <IsCustomProcessingStepAllowedForOtherPublishers>1</IsCustomProcessingStepAllowedForOtherPublishers>
      <PrimaryEntity>none</PrimaryEntity>
      <LocalizedNames>
        <LocalizedName languagecode="1033" description="Update Column" />
      </LocalizedNames>
    </Workflow>
    <Workflow WorkflowId="{6765bc63-4c75-ef11-a671-7c1e5219ae1f}" Name="Delete Column">
      <JsonFileName>/Workflows/DeleteColumn-6765BC63-4C75-EF11-A671-7C1E5219AE1F.json</JsonFileName>
      <Type>1</Type>
      <Subprocess>0</Subprocess>
      <Category>5</Category>
      <Mode>0</Mode>
      <Scope>4</Scope>
      <OnDemand>0</OnDemand>
      <TriggerOnCreate>0</TriggerOnCreate>
      <TriggerOnDelete>0</TriggerOnDelete>
      <AsyncAutodelete>0</AsyncAutodelete>
      <SyncWorkflowLogOnFailure>0</SyncWorkflowLogOnFailure>
      <StateCode>1</StateCode>
      <StatusCode>2</StatusCode>
      <RunAs>1</RunAs>
      <IsTransacted>1</IsTransacted>
      <IntroducedVersion>1.0</IntroducedVersion>
      <IsCustomizable>1</IsCustomizable>
      <BusinessProcessType>0</BusinessProcessType>
      <IsCustomProcessingStepAllowedForOtherPublishers>1</IsCustomProcessingStepAllowedForOtherPublishers>
      <PrimaryEntity>none</PrimaryEntity>
      <LocalizedNames>
        <LocalizedName languagecode="1033" description="Delete Column" />
      </LocalizedNames>
    </Workflow>
    <Workflow WorkflowId="{b2d06a83-e775-ef11-a671-7c1e5219ae1f}" Name="GetContainers">
      <JsonFileName>/Workflows/GetContainers-B2D06A83-E775-EF11-A671-7C1E5219AE1F.json</JsonFileName>
      <Type>1</Type>
      <Subprocess>0</Subprocess>
      <Category>5</Category>
      <Mode>0</Mode>
      <Scope>4</Scope>
      <OnDemand>0</OnDemand>
      <TriggerOnCreate>0</TriggerOnCreate>
      <TriggerOnDelete>0</TriggerOnDelete>
      <AsyncAutodelete>0</AsyncAutodelete>
      <SyncWorkflowLogOnFailure>0</SyncWorkflowLogOnFailure>
      <StateCode>1</StateCode>
      <StatusCode>2</StatusCode>
      <RunAs>1</RunAs>
      <IsTransacted>1</IsTransacted>
      <IntroducedVersion>1.0.0.0</IntroducedVersion>
      <IsCustomizable>1</IsCustomizable>
      <BusinessProcessType>0</BusinessProcessType>
      <IsCustomProcessingStepAllowedForOtherPublishers>1</IsCustomProcessingStepAllowedForOtherPublishers>
      <PrimaryEntity>none</PrimaryEntity>
      <LocalizedNames>
        <LocalizedName languagecode="1033" description="GetContainers" />
      </LocalizedNames>
    </Workflow>
    <Workflow WorkflowId="{78aaf03a-fb75-ef11-a671-7c1e5219ae1f}" Name="GetContainerCustomProperties">
      <JsonFileName>/Workflows/GetContainerCustomProperties-78AAF03A-FB75-EF11-A671-7C1E5219AE1F.json</JsonFileName>
      <Type>1</Type>
      <Subprocess>0</Subprocess>
      <Category>5</Category>
      <Mode>0</Mode>
      <Scope>4</Scope>
      <OnDemand>0</OnDemand>
      <TriggerOnCreate>0</TriggerOnCreate>
      <TriggerOnDelete>0</TriggerOnDelete>
      <AsyncAutodelete>0</AsyncAutodelete>
      <SyncWorkflowLogOnFailure>0</SyncWorkflowLogOnFailure>
      <StateCode>1</StateCode>
      <StatusCode>2</StatusCode>
      <RunAs>1</RunAs>
      <IsTransacted>1</IsTransacted>
      <IntroducedVersion>1.0.0.0</IntroducedVersion>
      <IsCustomizable>1</IsCustomizable>
      <BusinessProcessType>0</BusinessProcessType>
      <IsCustomProcessingStepAllowedForOtherPublishers>1</IsCustomProcessingStepAllowedForOtherPublishers>
      <PrimaryEntity>none</PrimaryEntity>
      <LocalizedNames>
        <LocalizedName languagecode="1033" description="GetContainerCustomProperties" />
      </LocalizedNames>
    </Workflow>
    <Workflow WorkflowId="{d05f5af7-0576-ef11-a671-7c1e5219ae1f}" Name="Share File">
      <JsonFileName>/Workflows/ShareFile-D05F5AF7-0576-EF11-A671-7C1E5219AE1F.json</JsonFileName>
      <Type>1</Type>
      <Subprocess>0</Subprocess>
      <Category>5</Category>
      <Mode>0</Mode>
      <Scope>4</Scope>
      <OnDemand>0</OnDemand>
      <TriggerOnCreate>0</TriggerOnCreate>
      <TriggerOnDelete>0</TriggerOnDelete>
      <AsyncAutodelete>0</AsyncAutodelete>
      <SyncWorkflowLogOnFailure>0</SyncWorkflowLogOnFailure>
      <StateCode>1</StateCode>
      <StatusCode>2</StatusCode>
      <RunAs>1</RunAs>
      <IsTransacted>1</IsTransacted>
      <IntroducedVersion>1.0</IntroducedVersion>
      <IsCustomizable>1</IsCustomizable>
      <BusinessProcessType>0</BusinessProcessType>
      <IsCustomProcessingStepAllowedForOtherPublishers>1</IsCustomProcessingStepAllowedForOtherPublishers>
      <PrimaryEntity>none</PrimaryEntity>
      <LocalizedNames>
        <LocalizedName languagecode="1033" description="Share File" />
      </LocalizedNames>
    </Workflow>
  </Workflows>
  <FieldSecurityProfiles></FieldSecurityProfiles>
  <Templates />
  <EntityMaps />
  <EntityRelationships />
  <OrganizationSettings />
  <optionsets />
  <CustomControls />
  <EntityDataProviders />
  <CanvasApps>
    <CanvasApp>
      <Name>dev_sharepointembeddedcoe_5ef6c</Name>
      <AppVersion>2024-09-23T18:23:46Z</AppVersion>
      <Status>Ready</Status>
      <CreatedByClientVersion>3.24084.21.0</CreatedByClientVersion>
      <MinClientVersion>3.24084.21.0</MinClientVersion>
      <Tags>{"primaryDeviceWidth":"1366","primaryDeviceHeight":"768","supportsPortrait":"false","supportsLandscape":"true","primaryFormFactor":"Tablet","showStatusBar":"false","publisherVersion":"3.24084.21","minimumRequiredApiVersion":"2.2.0","hasComponent":"false","hasUnlockedComponent":"false","isUnifiedRootApp":"false","sienaVersion":"20240910T122806Z-3.24084.21.0","coauthoringEnabled":"true","multipleWritersEnabled":"true","acceptedCoauthoringTerms":"true"}</Tags>
      <IsCdsUpgraded>0</IsCdsUpgraded>
      <GalleryItemId xsi:nil="true"></GalleryItemId>
      <BackgroundColor>rgba(129, 42, 141, 1)</BackgroundColor>
      <DisplayName>SharePoint Embedded CoE</DisplayName>
      <Description>Learn how to build Microsoft Office components in PowerApps. This how-to guide provides step-by-step instructions and powerful resources for building powerful line of business applications.</Description>
      <CommitMessage xsi:nil="true"></CommitMessage>
      <Publisher xsi:nil="true"></Publisher>
      <AuthorizationReferences>[]</AuthorizationReferences>
      <ConnectionReferences>{"631c0fb0-c91e-4afb-8b11-cba5d6872f5e":{"id":"/providers/microsoft.powerapps/apis/shared_office365users","displayName":"Office 365 Users","iconUri":"https://connectoricons-prod.azureedge.net/releases/v1.0.1702/1.0.1702.3810/office365users/icon.png","dataSources":["Office365Users"],"dependencies":[],"dependents":[],"parameterHints":{},"parameterHintsV2":{},"isOnPremiseConnection":false,"bypassConsent":false,"dataSets":{},"apiTier":"Standard"},"3e990f5f-a334-4e3e-960b-5ba326f81694":{"id":"/providers/microsoft.powerapps/apis/shared_planner","displayName":"Planner","iconUri":"https://connectoricons-prod.azureedge.net/releases/v1.0.1680/1.0.1680.3652/planner/icon.png","dataSources":["Planner"],"dependencies":[],"dependents":[],"parameterHints":{},"parameterHintsV2":{},"isOnPremiseConnection":false,"bypassConsent":false,"dataSets":{},"apiTier":"Standard","actions":["ListMyPlansV2"]},"88440dcb-31dd-4475-b013-ba3ac5e68e51":{"id":"/providers/microsoft.powerapps/apis/shared_office365","displayName":"Office 365 Outlook","iconUri":"https://connectoricons-prod.azureedge.net/releases/v1.0.1706/1.0.1706.3851/office365/icon.png","dataSources":["Office365"],"dependencies":[],"dependents":[],"parameterHints":{},"parameterHintsV2":{},"isOnPremiseConnection":false,"bypassConsent":false,"dataSets":{},"apiTier":"Standard"},"7492cf69-cc78-477d-9fc8-986387722984":{"id":"/providers/microsoft.powerapps/apis/shared_onenote","displayName":"OneNote (Business)","iconUri":"https://connectoricons-prod.azureedge.net/releases/v1.0.1712/1.0.1712.3877/onenote/icon.png","dataSources":["OneNote(Business)"],"dependencies":[],"dependents":[],"parameterHints":{},"parameterHintsV2":{},"isOnPremiseConnection":false,"bypassConsent":false,"dataSets":{},"apiTier":"Standard"},"d14060af-06c1-4075-aac8-2a6e93217e8b":{"id":"/providers/microsoft.powerapps/apis/shared_logicflows","displayName":"Logic flows","iconUri":"https://connectoricons-prod.azureedge.net/releases/v1.0.1697/1.0.1697.3784/logicflows/icon.png","dataSources":["GetContainers"],"dependencies":[],"dependents":[],"parameterHints":{"workflowName":{"value":"3dfec9ad-9680-4500-86ae-de5b7d205693"},"workflowEntityId":{},"workflowDisplayName":{"value":"GetContainers"}},"parameterHintsV2":{"workflowName":{"value":"3dfec9ad-9680-4500-86ae-de5b7d205693"},"workflowEntityId":{},"workflowDisplayName":{"value":"GetContainers"}},"isOnPremiseConnection":false,"bypassConsent":false,"dataSets":{},"apiTier":"Standard","actions":["Run"]},"5889dd27-89a8-4434-b8b1-deba1d581707":{"id":"/providers/microsoft.powerapps/apis/shared_logicflows","displayName":"Logic flows","iconUri":"https://connectoricons-prod.azureedge.net/releases/v1.0.1697/1.0.1697.3784/logicflows/icon.png","dataSources":["GetContainer"],"dependencies":[],"dependents":[],"parameterHints":{"workflowName":{"value":"1bc43c6a-4bef-4b8b-96f1-a67fb6b25a34"},"workflowEntityId":{},"workflowDisplayName":{"value":"GetContainer"}},"parameterHintsV2":{"workflowName":{"value":"1bc43c6a-4bef-4b8b-96f1-a67fb6b25a34"},"workflowEntityId":{},"workflowDisplayName":{"value":"GetContainer"}},"isOnPremiseConnection":false,"bypassConsent":false,"dataSets":{},"apiTier":"Standard"},"9ed14483-778c-40ef-b99e-34dd01da31b8":{"id":"/providers/microsoft.powerapps/apis/shared_logicflows","displayName":"Logic flows","iconUri":"https://connectoricons-prod.azureedge.net/releases/v1.0.1697/1.0.1697.3784/logicflows/icon.png","dataSources":["GetFiles"],"dependencies":[],"dependents":[],"parameterHints":{"workflowName":{"value":"3bce8eef-6ba3-4a0f-b677-69b11898923b"},"workflowEntityId":{},"workflowDisplayName":{"value":"GetFiles"}},"parameterHintsV2":{"workflowName":{"value":"3bce8eef-6ba3-4a0f-b677-69b11898923b"},"workflowEntityId":{},"workflowDisplayName":{"value":"GetFiles"}},"isOnPremiseConnection":false,"bypassConsent":false,"dataSets":{},"apiTier":"Standard","actions":["Run"]},"8a830e89-74a4-4047-96d9-6e5e16dfb574":{"id":"/providers/microsoft.powerapps/apis/shared_logicflows","displayName":"Logic flows","iconUri":"https://connectoricons-prod.azureedge.net/releases/v1.0.1697/1.0.1697.3784/logicflows/icon.png","dataSources":["ActivateContainer"],"dependencies":[],"dependents":[],"parameterHints":{"workflowName":{"value":"31e4a6d8-26b5-4420-abb2-21e9227bb088"},"workflowEntityId":{},"workflowDisplayName":{"value":"Activate Container"}},"parameterHintsV2":{"workflowName":{"value":"31e4a6d8-26b5-4420-abb2-21e9227bb088"},"workflowEntityId":{},"workflowDisplayName":{"value":"Activate Container"}},"isOnPremiseConnection":false,"bypassConsent":false,"dataSets":{},"apiTier":"Standard","actions":["Run"]},"c044b798-0d6b-44e4-a08b-186ed1ddbd95":{"id":"/providers/microsoft.powerapps/apis/shared_logicflows","displayName":"Logic flows","iconUri":"https://connectoricons-prod.azureedge.net/releases/v1.0.1697/1.0.1697.3784/logicflows/icon.png","dataSources":["CreateContainer"],"dependencies":[],"dependents":[],"parameterHints":{"workflowName":{"value":"587ef41d-843c-4759-a330-bf9e7ffadbf1"},"workflowEntityId":{},"workflowDisplayName":{"value":"Create Container"}},"parameterHintsV2":{"workflowName":{"value":"587ef41d-843c-4759-a330-bf9e7ffadbf1"},"workflowEntityId":{},"workflowDisplayName":{"value":"Create Container"}},"isOnPremiseConnection":false,"bypassConsent":false,"dataSets":{},"apiTier":"Standard","actions":["Run"]},"d1458c96-3f7d-40e5-9b8f-b79eafbb2530":{"id":"/providers/microsoft.powerapps/apis/shared_logicflows","displayName":"Logic flows","iconUri":"https://connectoricons-prod.azureedge.net/releases/v1.0.1697/1.0.1697.3784/logicflows/icon.png","dataSources":["DeleteContainer"],"dependencies":[],"dependents":[],"parameterHints":{"workflowName":{"value":"af983fb3-a428-49b6-ad5d-1e3b13e989e3"},"workflowEntityId":{},"workflowDisplayName":{"value":"DeleteContainer"}},"parameterHintsV2":{"workflowName":{"value":"af983fb3-a428-49b6-ad5d-1e3b13e989e3"},"workflowEntityId":{},"workflowDisplayName":{"value":"DeleteContainer"}},"isOnPremiseConnection":false,"bypassConsent":false,"dataSets":{},"apiTier":"Standard","actions":["Run"]},"8b9764f2-b1be-4174-a520-3b17440591d2":{"id":"/providers/microsoft.powerapps/apis/shared_logicflows","displayName":"Logic flows","iconUri":"https://connectoricons-prod.azureedge.net/releases/v1.0.1697/1.0.1697.3784/logicflows/icon.png","dataSources":["GetContainerPermissions"],"dependencies":[],"dependents":[],"parameterHints":{"workflowName":{"value":"c7f66d67-5608-4f0e-a1b5-6bf562fa439d"},"workflowEntityId":{"value":"76f2ca76-726b-ef11-a670-7c1e5219ae1f"},"workflowDisplayName":{"value":"GetContainerPermissions"}},"parameterHintsV2":{"workflowName":{"value":"c7f66d67-5608-4f0e-a1b5-6bf562fa439d"},"workflowEntityId":{"value":"76f2ca76-726b-ef11-a670-7c1e5219ae1f"},"workflowDisplayName":{"value":"GetContainerPermissions"}},"isOnPremiseConnection":false,"bypassConsent":false,"dataSets":{},"apiTier":"Standard","actions":["Run"]},"8f60ab45-d64a-4b74-aa23-80180cf88316":{"id":"/providers/microsoft.powerapps/apis/shared_sharepointonline","displayName":"SharePoint","iconUri":"https://connectoricons-prod.azureedge.net/u/jayawan/releases/v1.0.1697/1.0.1697.3786/sharepointonline/icon.png","dataSources":["Case Names"],"dependencies":[],"dependents":[],"parameterHints":{},"parameterHintsV2":{},"isOnPremiseConnection":false,"bypassConsent":false,"dataSets":{"https://pucelikenterprise.sharepoint.com/teams/Legal":{"dataSources":{"Case Names":{"tableName":"e8c37058-6d81-40f7-bbaa-18960c64c49c"}}}},"apiTier":"Standard"},"ac65ede4-e5a5-44eb-81fc-eef65e264f18":{"id":"/providers/microsoft.powerapps/apis/shared_sharepointonline","displayName":"SharePoint","iconUri":"https://connectoricons-prod.azureedge.net/u/jayawan/releases/v1.0.1697/1.0.1697.3786/sharepointonline/icon.png","dataSources":["Case Names_1"],"dependencies":[],"dependents":[],"parameterHints":{},"parameterHintsV2":{},"isOnPremiseConnection":false,"bypassConsent":false,"dataSets":{"https://pucelikenterprise.sharepoint.com/teams/Legal":{"dataSources":{"Case Names_1":{"tableName":"e8c37058-6d81-40f7-bbaa-18960c64c49c"}}}},"apiTier":"Standard"},"89d6850c-5778-40d7-968a-b0fa0416dad3":{"id":"/providers/microsoft.powerapps/apis/shared_logicflows","displayName":"Logic flows","iconUri":"https://connectoricons-prod.azureedge.net/releases/v1.0.1697/1.0.1697.3784/logicflows/icon.png","dataSources":["DeleteFile"],"dependencies":[],"dependents":[],"parameterHints":{"workflowName":{"value":"763fec3c-4202-4bf6-8756-4fd479fd85fc"},"workflowEntityId":{"value":"b564cceb-e76b-ef11-a670-7c1e5219ae1f"},"workflowDisplayName":{"value":"DeleteFile"}},"parameterHintsV2":{"workflowName":{"value":"763fec3c-4202-4bf6-8756-4fd479fd85fc"},"workflowEntityId":{"value":"b564cceb-e76b-ef11-a670-7c1e5219ae1f"},"workflowDisplayName":{"value":"DeleteFile"}},"isOnPremiseConnection":false,"bypassConsent":false,"dataSets":{},"apiTier":"Standard","actions":["Run"]},"86cd263c-752e-424c-80ed-affe9e50f207":{"id":"/providers/microsoft.powerapps/apis/shared_logicflows","displayName":"Logic flows","iconUri":"https://connectoricons-prod.azureedge.net/releases/v1.0.1697/1.0.1697.3784/logicflows/icon.png","dataSources":["AddUserPermission"],"dependencies":[],"dependents":[],"parameterHints":{"workflowName":{"value":"46390b09-aead-43ad-b95d-0518294ec276"},"workflowEntityId":{"value":"9b1e2932-706b-ef11-a670-7c1e5219ae1f"},"workflowDisplayName":{"value":"AddUserPermission"}},"parameterHintsV2":{"workflowName":{"value":"46390b09-aead-43ad-b95d-0518294ec276"},"workflowEntityId":{"value":"9b1e2932-706b-ef11-a670-7c1e5219ae1f"},"workflowDisplayName":{"value":"AddUserPermission"}},"isOnPremiseConnection":false,"bypassConsent":false,"dataSets":{},"apiTier":"Standard","actions":["Run"]},"a3b0c502-00f8-44d3-9e9e-fca3c7e8e4a5":{"id":"/providers/microsoft.powerapps/apis/shared_logicflows","displayName":"Logic flows","iconUri":"https://connectoricons-prod.azureedge.net/releases/v1.0.1697/1.0.1697.3784/logicflows/icon.png","dataSources":["CreateColumn"],"dependencies":[],"dependents":[],"parameterHints":{"workflowName":{"value":"32245525-35f3-4129-af7d-afa453791162"},"workflowEntityId":{"value":"8d73821c-7974-ef11-a671-7c1e5219ae1f"},"workflowDisplayName":{"value":"Create Column"}},"parameterHintsV2":{"workflowName":{"value":"32245525-35f3-4129-af7d-afa453791162"},"workflowEntityId":{"value":"8d73821c-7974-ef11-a671-7c1e5219ae1f"},"workflowDisplayName":{"value":"Create Column"}},"isOnPremiseConnection":false,"bypassConsent":false,"dataSets":{},"apiTier":"Standard","actions":["Run"]},"85b2dab0-09db-42f4-bf7a-c9e936ce3264":{"id":"/providers/microsoft.powerapps/apis/shared_logicflows","displayName":"Logic flows","iconUri":"https://connectoricons-prod.azureedge.net/releases/v1.0.1697/1.0.1697.3784/logicflows/icon.png","dataSources":["SearchResults"],"dependencies":[],"dependents":[],"parameterHints":{"workflowName":{"value":"295c10c3-0276-4779-bf3e-c7670434a16d"},"workflowEntityId":{"value":"e33535fd-856c-ef11-a670-7c1e5219ae1f"},"workflowDisplayName":{"value":"SearchResults"}},"parameterHintsV2":{"workflowName":{"value":"295c10c3-0276-4779-bf3e-c7670434a16d"},"workflowEntityId":{"value":"e33535fd-856c-ef11-a670-7c1e5219ae1f"},"workflowDisplayName":{"value":"SearchResults"}},"isOnPremiseConnection":false,"bypassConsent":false,"dataSets":{},"apiTier":"Standard","actions":["Run"]},"6451b6ce-570f-43cc-890f-d19e276477d6":{"id":"/providers/microsoft.powerapps/apis/shared_logicflows","displayName":"Logic flows","iconUri":"https://connectoricons-prod.azureedge.net/releases/v1.0.1697/1.0.1697.3784/logicflows/icon.png","dataSources":["GetColumns"],"dependencies":[],"dependents":[],"parameterHints":{"workflowName":{"value":"c2830b81-a244-43c8-af58-dc59ccb98061"},"workflowEntityId":{"value":"24f5b7b8-7a74-ef11-a671-7c1e5219ae1f"},"workflowDisplayName":{"value":"Get Columns"}},"parameterHintsV2":{"workflowName":{"value":"c2830b81-a244-43c8-af58-dc59ccb98061"},"workflowEntityId":{"value":"24f5b7b8-7a74-ef11-a671-7c1e5219ae1f"},"workflowDisplayName":{"value":"Get Columns"}},"isOnPremiseConnection":false,"bypassConsent":false,"dataSets":{},"apiTier":"Standard","actions":["Run"]},"a0cc8eed-55ce-4d6b-b016-5cb5555c3987":{"id":"/providers/microsoft.powerapps/apis/shared_logicflows","displayName":"Logic flows","iconUri":"https://connectoricons-prod.azureedge.net/releases/v1.0.1697/1.0.1697.3784/logicflows/icon.png","dataSources":["UpdateColumn"],"dependencies":[],"dependents":[],"parameterHints":{"workflowName":{"value":"6994d7ca-d79c-44f9-a129-e413a908a64e"},"workflowEntityId":{"value":"cc3e019b-4775-ef11-a671-7c1e5219ae1f"},"workflowDisplayName":{"value":"Update Column"}},"parameterHintsV2":{"workflowName":{"value":"6994d7ca-d79c-44f9-a129-e413a908a64e"},"workflowEntityId":{"value":"cc3e019b-4775-ef11-a671-7c1e5219ae1f"},"workflowDisplayName":{"value":"Update Column"}},"isOnPremiseConnection":false,"bypassConsent":false,"dataSets":{},"apiTier":"Standard","actions":["Run"]},"1018f487-9434-4495-88c7-cf5cb8245d72":{"id":"/providers/microsoft.powerapps/apis/shared_logicflows","displayName":"Logic flows","iconUri":"https://connectoricons-prod.azureedge.net/releases/v1.0.1697/1.0.1697.3784/logicflows/icon.png","dataSources":["DeleteColumn"],"dependencies":[],"dependents":[],"parameterHints":{"workflowName":{"value":"787ce16f-288e-491f-a29f-55bcf613ede4"},"workflowEntityId":{"value":"6765bc63-4c75-ef11-a671-7c1e5219ae1f"},"workflowDisplayName":{"value":"Delete Column"}},"parameterHintsV2":{"workflowName":{"value":"787ce16f-288e-491f-a29f-55bcf613ede4"},"workflowEntityId":{"value":"6765bc63-4c75-ef11-a671-7c1e5219ae1f"},"workflowDisplayName":{"value":"Delete Column"}},"isOnPremiseConnection":false,"bypassConsent":false,"dataSets":{},"apiTier":"Standard","actions":["Run"]},"4f14f668-cabe-4137-b7b3-7ceb63751093":{"id":"/providers/microsoft.powerapps/apis/shared_logicflows","displayName":"Logic flows","iconUri":"https://connectoricons-prod.azureedge.net/releases/v1.0.1697/1.0.1697.3784/logicflows/icon.png","dataSources":["ShareFile"],"dependencies":[],"dependents":[],"parameterHints":{"workflowName":{"value":"89954270-a482-4d95-bb80-7b54dba579bd"},"workflowEntityId":{"value":"d05f5af7-0576-ef11-a671-7c1e5219ae1f"},"workflowDisplayName":{"value":"Share File"}},"parameterHintsV2":{"workflowName":{"value":"89954270-a482-4d95-bb80-7b54dba579bd"},"workflowEntityId":{"value":"d05f5af7-0576-ef11-a671-7c1e5219ae1f"},"workflowDisplayName":{"value":"Share File"}},"isOnPremiseConnection":false,"bypassConsent":false,"dataSets":{},"apiTier":"Standard","actions":["Run"]},"9b6f5b92-3374-47d9-9d26-9a263ad0aa29":{"id":"/providers/microsoft.powerapps/apis/shared_logicflows","displayName":"Logic flows","iconUri":"https://connectoricons-prod.azureedge.net/releases/v1.0.1697/1.0.1697.3784/logicflows/icon.png","dataSources":["GetContainerCustomProperties"],"dependencies":[],"dependents":[],"parameterHints":{"workflowName":{"value":"25ab89a8-6981-4962-af50-efd1f2d130f1"},"workflowEntityId":{"value":"78aaf03a-fb75-ef11-a671-7c1e5219ae1f"},"workflowDisplayName":{"value":"GetContainerCustomProperties"}},"parameterHintsV2":{"workflowName":{"value":"25ab89a8-6981-4962-af50-efd1f2d130f1"},"workflowEntityId":{"value":"78aaf03a-fb75-ef11-a671-7c1e5219ae1f"},"workflowDisplayName":{"value":"GetContainerCustomProperties"}},"isOnPremiseConnection":false,"bypassConsent":false,"dataSets":{},"apiTier":"Standard"},"94edcce9-4f09-47a1-abef-3f339ff0e36b":{"id":"/providers/microsoft.powerapps/apis/shared_logicflows","displayName":"Logic flows","iconUri":"https://connectoricons-prod.azureedge.net/releases/v1.0.1697/1.0.1697.3784/logicflows/icon.png","dataSources":["GetContainerProperties"],"dependencies":[],"dependents":[],"parameterHints":{"workflowName":{"value":"27e4d38c-b422-4478-b2e2-832bc5a45dba"},"workflowEntityId":{"value":"78846183-c176-ef11-a670-6045bdffa175"},"workflowDisplayName":{"value":"Get Container Properties"}},"parameterHintsV2":{"workflowName":{"value":"27e4d38c-b422-4478-b2e2-832bc5a45dba"},"workflowEntityId":{"value":"78846183-c176-ef11-a670-6045bdffa175"},"workflowDisplayName":{"value":"Get Container Properties"}},"isOnPremiseConnection":false,"bypassConsent":false,"dataSets":{},"apiTier":"Standard","actions":["Run"]},"84672cae-64a1-4fc0-97f4-d04c440e553c":{"id":"/providers/microsoft.powerapps/apis/shared_logicflows","displayName":"Logic flows","iconUri":"https://connectoricons-prod.azureedge.net/releases/v1.0.1697/1.0.1697.3784/logicflows/icon.png","dataSources":["UploadFile"],"dependencies":[],"dependents":[],"parameterHints":{"workflowName":{"value":"9f903397-e047-4842-9505-b60f17e2ef31"},"workflowEntityId":{"value":"d21357df-bd6b-ef11-a670-7c1e5219ae1f"},"workflowDisplayName":{"value":"UploadFile"}},"parameterHintsV2":{"workflowName":{"value":"9f903397-e047-4842-9505-b60f17e2ef31"},"workflowEntityId":{"value":"d21357df-bd6b-ef11-a670-7c1e5219ae1f"},"workflowDisplayName":{"value":"UploadFile"}},"isOnPremiseConnection":false,"bypassConsent":false,"dataSets":{},"apiTier":"Standard","actions":["Run"]},"cf21584c-903d-4d2a-aaba-82ec6f2811ba":{"id":"/providers/microsoft.powerapps/apis/shared_logicflows","displayName":"Logic flows","iconUri":"https://connectoricons-prod.azureedge.net/releases/v1.0.1697/1.0.1697.3784/logicflows/icon.png","dataSources":["GetFileVersions"],"dependencies":[],"dependents":[],"parameterHints":{"workflowName":{"value":"53cee3d0-726e-4d21-a541-d1b6591cf1c9"},"workflowEntityId":{"value":"5331f2fe-8a77-ef11-a670-6045bdffa175"},"workflowDisplayName":{"value":"Get file versions"}},"parameterHintsV2":{"workflowName":{"value":"53cee3d0-726e-4d21-a541-d1b6591cf1c9"},"workflowEntityId":{"value":"5331f2fe-8a77-ef11-a670-6045bdffa175"},"workflowDisplayName":{"value":"Get file versions"}},"isOnPremiseConnection":false,"bypassConsent":false,"dataSets":{},"apiTier":"Standard","actions":["Run"]}}</ConnectionReferences>
      <DatabaseReferences>{"default.cds":{"databaseDetails":{"referenceType":"Environmental","environmentName":"default.cds","overrideValues":{"status":"NotSpecified"}},"components":[{"componentName":"CustomControl","identifier":"cat_PowerCAT.ContextMenu","identifierType":"LogicalName"},{"componentName":"CustomControl","identifier":"cat_PowerCAT.ContextMenu","identifierType":"LogicalName"},{"componentName":"CustomControl","identifier":"cat_PowerCAT.ContextMenu","identifierType":"LogicalName"},{"componentName":"CustomControl","identifier":"cat_PowerCAT.CommandBar","identifierType":"LogicalName"}]}}</DatabaseReferences>
      <AppComponents>[]</AppComponents>
      <AppComponentDependencies>[]</AppComponentDependencies>
      <CanConsumeAppPass>0</CanConsumeAppPass>
      <CanvasAppType>0</CanvasAppType>
      <BypassConsent>0</BypassConsent>
      <AdminControlBypassConsent>0</AdminControlBypassConsent>
      <EmbeddedApp xsi:nil="true"></EmbeddedApp>
      <IntroducedVersion>1.0</IntroducedVersion>
      <CdsDependencies>{"cdsdependencies":[{"dependencyid":"76f2ca76-726b-ef11-a670-7c1e5219ae1f","componenttype":29,"componenttypeplatformname":"Workflow"},{"dependencyid":"b564cceb-e76b-ef11-a670-7c1e5219ae1f","componenttype":29,"componenttypeplatformname":"Workflow"},{"dependencyid":"9b1e2932-706b-ef11-a670-7c1e5219ae1f","componenttype":29,"componenttypeplatformname":"Workflow"},{"dependencyid":"8d73821c-7974-ef11-a671-7c1e5219ae1f","componenttype":29,"componenttypeplatformname":"Workflow"},{"dependencyid":"e33535fd-856c-ef11-a670-7c1e5219ae1f","componenttype":29,"componenttypeplatformname":"Workflow"},{"dependencyid":"24f5b7b8-7a74-ef11-a671-7c1e5219ae1f","componenttype":29,"componenttypeplatformname":"Workflow"},{"dependencyid":"cc3e019b-4775-ef11-a671-7c1e5219ae1f","componenttype":29,"componenttypeplatformname":"Workflow"},{"dependencyid":"6765bc63-4c75-ef11-a671-7c1e5219ae1f","componenttype":29,"componenttypeplatformname":"Workflow"},{"dependencyid":"d05f5af7-0576-ef11-a671-7c1e5219ae1f","componenttype":29,"componenttypeplatformname":"Workflow"},{"dependencyid":"78aaf03a-fb75-ef11-a671-7c1e5219ae1f","componenttype":29,"componenttypeplatformname":"Workflow"},{"dependencyid":"78846183-c176-ef11-a670-6045bdffa175","componenttype":29,"componenttypeplatformname":"Workflow"},{"dependencyid":"d21357df-bd6b-ef11-a670-7c1e5219ae1f","componenttype":29,"componenttypeplatformname":"Workflow"},{"dependencyid":"5331f2fe-8a77-ef11-a670-6045bdffa175","componenttype":29,"componenttypeplatformname":"Workflow"},{"dependencyid":"","logicalname":"cat_PowerCAT.ContextMenu","componenttype":66,"componenttypeplatformname":"CustomControl"},{"dependencyid":"","logicalname":"cat_PowerCAT.ContextMenu","componenttype":66,"componenttypeplatformname":"CustomControl"},{"dependencyid":"","logicalname":"cat_PowerCAT.ContextMenu","componenttype":66,"componenttypeplatformname":"CustomControl"},{"dependencyid":"","logicalname":"cat_PowerCAT.CommandBar","componenttype":66,"componenttypeplatformname":"CustomControl"}]}</CdsDependencies>
      <IsCustomizable>1</IsCustomizable>
      <BackgroundImageUri>/CanvasApps/dev_sharepointembeddedcoe_5ef6c_BackgroundImageUri</BackgroundImageUri>
      <DocumentUri>/CanvasApps/dev_sharepointembeddedcoe_5ef6c_DocumentUri.msapp</DocumentUri>
      <AdditionalUris>
        <AdditionalUri>/CanvasApps/dev_sharepointembeddedcoe_5ef6c_AdditionalUris0_identity.json</AdditionalUri>
      </AdditionalUris>
    </CanvasApp>
  </CanvasApps>
  <Languages>
    <Language>1033</Language>
  </Languages>
</ImportExportXml>